{"name":"bikes","imagePath":"bikes_texture.png","SubTexture":[{"name":"base","x":0,"height":55,"width":120,"y":0},{"name":"driver_corpse","x":228,"height":33,"width":20,"y":0},{"name":"drive_hip","x":33,"height":12,"width":22,"y":130},{"name":"driver_shin","x":102,"height":30,"width":18,"y":56},{"name":"driver_arm","x":150,"height":13,"width":20,"y":134},{"name":"driver_forearm","x":0,"height":9,"width":23,"y":138},{"name":"driver_head","x":178,"height":43,"width":48,"y":52},{"name":"wheel","x":58,"height":42,"width":42,"y":56},{"name":"dust1","x":205,"height":12,"width":14,"y":138},{"name":"dust2","x":102,"height":16,"width":18,"y":87},{"name":"dust3","x":33,"height":20,"width":24,"y":109},{"name":"dust4","x":94,"height":23,"width":26,"y":104},{"name":"dust5","x":151,"height":24,"width":26,"y":109},{"name":"dust6","x":218,"height":24,"width":26,"y":113},{"name":"dust7","x":227,"height":22,"width":28,"y":60},{"name":"dust8","x":121,"height":21,"width":29,"y":109},{"name":"dust9","x":118,"height":16,"width":31,"y":131},{"name":"dust10","x":218,"height":8,"width":7,"y":96},{"name":"wheel1","x":178,"height":39,"width":39,"y":96},{"name":"suspend_front","x":121,"height":56,"width":56,"y":52},{"name":"supend_back","x":171,"height":14,"width":33,"y":136},{"name":"base1","x":121,"height":51,"width":106,"y":0},{"name":"drive_hip1","x":0,"height":28,"width":32,"y":109},{"name":"driver_corpse1","x":58,"height":40,"width":35,"y":99},{"name":"driver_shin1","x":227,"height":29,"width":21,"y":83},{"name":"driver_arm1","x":228,"height":25,"width":25,"y":34},{"name":"driver_forearm1","x":94,"height":14,"width":23,"y":128},{"name":"driver_head1","x":0,"height":52,"width":57,"y":56}]}