{"settings":{"theme":6,"prizes":"30,37,44","countdown":0,"gravityY":500},"layers":[[{"params":{"layer":3,"vertices":[{"x":270,"y":0,"length":270},{"x":260,"y":69,"length":269},{"x":233,"y":134,"length":268.78430013674534},{"x":190,"y":190,"length":268.70057685088807},{"x":135,"y":233,"length":269.2842364491468},{"x":69,"y":260,"length":269},{"x":0,"y":270,"length":270},{"x":-69,"y":260,"length":269},{"x":-134,"y":233,"length":268.78430013674534},{"x":-190,"y":190,"length":268.70057685088807},{"x":-233,"y":134,"length":268.78430013674534},{"x":-260,"y":69,"length":269},{"x":-270,"y":0,"length":270},{"x":-260,"y":-69,"length":269},{"x":-233,"y":-135,"length":269.2842364491468},{"x":-190,"y":-190,"length":268.70057685088807},{"x":-135,"y":-233,"length":269.2842364491468},{"x":-69,"y":-260,"length":269},{"x":0,"y":-270,"length":270},{"x":69,"y":-260,"length":269},{"x":135,"y":-233,"length":269.2842364491468},{"x":190,"y":-190,"length":268.70057685088807},{"x":233,"y":-135,"length":269.2842364491468},{"x":260,"y":-69,"length":269}],"density":1,"safeId":-1,"physic":true,"rem":true,"rotation":0,"plr":false,"line":true,"x":1687,"isStatic":false,"id":-1,"isWheel":false,"ignore":false,"graphic":true,"y":267},"className":"frg.game.editor.objects::LandscapeShaper"},{"params":{"layer":1,"vertices":[{"x":-5,"y":-470,"length":470.02659499224086},{"x":210,"y":-455,"length":501.12373721467236},{"x":240,"y":-390,"length":457.93012567421243},{"x":255,"y":-345,"length":429.01048938225273},{"x":285,"y":-290,"length":406.6017707782395},{"x":310,"y":-245,"length":395.12656200260693},{"x":340,"y":-175,"length":382.39377609997786},{"x":345,"y":-115,"length":363.6619309193636},{"x":365,"y":-45,"length":367.76351096866586},{"x":370,"y":15,"length":370.3039292257105},{"x":375,"y":75,"length":382.4264635194589},{"x":360,"y":155,"length":391.95025194532025},{"x":370,"y":240,"length":441.02154142399894},{"x":385,"y":295,"length":485.02577251111103},{"x":415,"y":355,"length":546.122696836526},{"x":445,"y":415,"length":608.481717063052},{"x":460,"y":445,"length":640.0195309519859},{"x":480,"y":485,"length":682.367203197809},{"x":505,"y":525,"length":728.4572739701348},{"x":525,"y":555,"length":763.9698946948106},{"x":575,"y":605,"length":834.6556176052492},{"x":-130,"y":635,"length":648.1705022600149},{"x":-60,"y":530,"length":533.3854141237834},{"x":-45,"y":470,"length":472.1493407810711},{"x":-30,"y":395,"length":396.13760235554514},{"x":-25,"y":295,"length":296.05742686174926},{"x":-20,"y":235,"length":235.8495283014151},{"x":-30,"y":160,"length":162.78820596099706},{"x":-40,"y":95,"length":103.07764064044152},{"x":-65,"y":5,"length":65.19202405202648},{"x":-80,"y":-40,"length":89.44271909999159},{"x":-85,"y":-95,"length":127.47548783981962},{"x":-60,"y":-140,"length":152.31546211727817},{"x":-55,"y":-195,"length":202.6079958935481},{"x":-35,"y":-260,"length":262.3451924468981},{"x":-20,"y":-315,"length":315.6342820417326},{"x":-5,"y":-360,"length":360.0347205478938}],"density":1,"safeId":-1,"physic":false,"rem":true,"rotation":0,"plr":false,"line":true,"x":12210,"isStatic":true,"id":-1,"isWheel":false,"ignore":false,"graphic":true,"y":-540},"className":"frg.game.editor.objects::LandscapeShaper"},{"params":{"layer":1,"vertices":[{"x":475,"y":-290,"length":556.5294241996554},{"x":720,"y":-345,"length":798.3890029302759},{"x":745,"y":-235,"length":781.184997295775},{"x":770,"y":-195,"length":794.3078748193298},{"x":790,"y":-175,"length":809.1507894082537},{"x":800,"y":-135,"length":811.3106679934635},{"x":820,"y":-100,"length":826.0750571225353},{"x":840,"y":-55,"length":841.7986695166487},{"x":845,"y":-5,"length":845.0147927699254},{"x":880,"y":40,"length":880.9086218218097},{"x":870,"y":100,"length":875.7282683572571},{"x":530,"y":115,"length":542.3329235810786},{"x":520,"y":20,"length":520.3844732503075},{"x":525,"y":-25,"length":525.594901040716},{"x":535,"y":-70,"length":539.5600059307584},{"x":530,"y":-125,"length":544.5410911951457},{"x":515,"y":-180,"length":545.5501810099599}],"density":1,"safeId":-1,"physic":false,"rem":true,"rotation":0,"plr":false,"line":true,"x":-440,"isStatic":true,"id":-1,"isWheel":false,"ignore":false,"graphic":true,"y":370},"className":"frg.game.editor.objects::LandscapeShaper"},{"params":{"height":233,"x":13400,"y":-40,"rotation":0,"width":398},"className":"FinishZone"},{"params":{"type":2,"straightSides":true,"vertices":[{"x":0,"y":0,"length":0},{"x":310,"y":-80,"length":320.1562118716424},{"x":1385,"y":-80,"length":1387.3085453495917},{"x":2005,"y":310,"length":2028.823550730817}],"originOffsetRatio":0,"textureMode":true,"stretchTexture":false,"repeatTexture":true,"textureOffset":0,"x":7590,"smoothing":true,"y":60,"width":2018,"height":403,"wireframe":false,"snapToGrid":true,"rotation":0},"className":"frg.game.editor.objects::PillarPather"},{"params":{"layer":6,"vertices":[{"x":-38,"y":-26,"length":46.04345773288535},{"x":-17,"y":-42,"length":45.31004303683677},{"x":8,"y":-55,"length":55.57877292636101},{"x":40,"y":-60,"length":72.11102550927978},{"x":77,"y":-58,"length":96.40020746865642},{"x":116,"y":-43,"length":123.71337841963576},{"x":146,"y":-19,"length":147.2311108427835},{"x":166,"y":6,"length":166.10839834276894},{"x":178,"y":43,"length":183.12017911743098},{"x":180,"y":91,"length":201.6953147695801},{"x":163,"y":134,"length":211.00947846009194},{"x":133,"y":170,"length":215.84485168750263},{"x":98,"y":192,"length":215.56437553547664},{"x":34,"y":199,"length":201.8836298465034},{"x":-12,"y":187,"length":187.3846311734236},{"x":-47,"y":161,"length":167.72000476985446},{"x":-69,"y":128,"length":145.41320435228707},{"x":-81,"y":83,"length":115.97413504743201},{"x":-78,"y":38,"length":86.76404785393545},{"x":-62,"y":0,"length":62}],"density":1,"safeId":1,"physic":true,"rem":true,"rotation":0,"plr":false,"line":true,"x":8931,"isStatic":false,"id":-1,"isWheel":false,"ignore":false,"graphic":true,"y":-91},"className":"frg.game.editor.objects::LandscapeShaper"},{"params":{"layer":6,"vertices":[{"x":-38,"y":-26,"length":46.04345773288535},{"x":-17,"y":-42,"length":45.31004303683677},{"x":8,"y":-55,"length":55.57877292636101},{"x":40,"y":-60,"length":72.11102550927978},{"x":77,"y":-58,"length":96.40020746865642},{"x":116,"y":-43,"length":123.71337841963576},{"x":146,"y":-19,"length":147.2311108427835},{"x":166,"y":6,"length":166.10839834276894},{"x":178,"y":43,"length":183.12017911743098},{"x":180,"y":91,"length":201.6953147695801},{"x":163,"y":134,"length":211.00947846009194},{"x":133,"y":170,"length":215.84485168750263},{"x":98,"y":192,"length":215.56437553547664},{"x":34,"y":199,"length":201.8836298465034},{"x":-12,"y":187,"length":187.3846311734236},{"x":-47,"y":161,"length":167.72000476985446},{"x":-69,"y":128,"length":145.41320435228707},{"x":-81,"y":83,"length":115.97413504743201},{"x":-78,"y":38,"length":86.76404785393545},{"x":-62,"y":0,"length":62}],"density":1,"safeId":1,"physic":true,"rem":true,"rotation":0,"plr":false,"line":true,"x":7859,"isStatic":false,"id":-1,"isWheel":false,"ignore":false,"graphic":true,"y":-91},"className":"frg.game.editor.objects::LandscapeShaper"},{"params":{"layer":0,"vertices":[{"x":-95,"y":0,"length":95},{"x":350,"y":0,"length":350},{"x":350,"y":35,"length":351.7456467392312},{"x":130,"y":130,"length":183.84776310850236},{"x":-95,"y":40,"length":103.07764064044152}],"density":0.8,"safeId":1,"physic":true,"rem":true,"rotation":0,"plr":false,"line":true,"x":7950,"isStatic":false,"id":-1,"isWheel":false,"ignore":false,"graphic":true,"y":120},"className":"frg.game.editor.objects::LandscapeShaper"},{"params":{"layer":6,"vertices":[{"x":0,"y":0,"length":0},{"x":35,"y":-35,"length":49.49747468305833},{"x":95,"y":3,"length":95.04735661763561},{"x":140,"y":-15,"length":140.80127840328723},{"x":156,"y":-85,"length":177.65415840897168},{"x":211,"y":-85,"length":227.477471412006},{"x":222,"y":-15,"length":222.50617968946392},{"x":272,"y":2,"length":272.0073528417936},{"x":329,"y":-35,"length":330.8564643467013},{"x":366,"y":5,"length":366.0341514121326},{"x":331,"y":59,"length":336.21719170797917},{"x":347,"y":105,"length":362.5382738415353},{"x":419,"y":124,"length":436.9633851937711},{"x":418,"y":175,"length":453.15449903978663},{"x":348,"y":189,"length":396.01136347332255},{"x":328,"y":232,"length":401.756144943671},{"x":366,"y":302,"length":474.51027386137804},{"x":330,"y":335,"length":470.2393007820593},{"x":272,"y":293,"length":399.7911955008514},{"x":227,"y":314,"length":387.45967532118743},{"x":205,"y":385,"length":436.1765697512878},{"x":157,"y":384,"length":414.85539649376625},{"x":141,"y":314,"length":344.2048808486016},{"x":99,"y":297,"length":313.06548835666956},{"x":34,"y":332,"length":333.73642294481436},{"x":0,"y":299,"length":299},{"x":37,"y":234,"length":236.90715480964266},{"x":20,"y":192,"length":193.03885619221847},{"x":-50,"y":174,"length":181.0414317221337},{"x":-52,"y":124,"length":134.46189051177288},{"x":17,"y":106,"length":107.35455276791944},{"x":37,"y":64,"length":73.92563831310488}],"density":1,"safeId":2,"physic":true,"rem":true,"rotation":27,"plr":false,"line":true,"x":4078,"isStatic":false,"id":-1,"isWheel":false,"ignore":false,"graphic":true,"y":253},"className":"frg.game.editor.objects::LandscapeShaper"},{"params":{"layer":6,"vertices":[{"x":0,"y":0,"length":0},{"x":35,"y":-35,"length":49.49747468305833},{"x":95,"y":3,"length":95.04735661763561},{"x":140,"y":-15,"length":140.80127840328723},{"x":156,"y":-85,"length":177.65415840897168},{"x":211,"y":-85,"length":227.477471412006},{"x":222,"y":-15,"length":222.50617968946392},{"x":272,"y":2,"length":272.0073528417936},{"x":329,"y":-35,"length":330.8564643467013},{"x":366,"y":5,"length":366.0341514121326},{"x":331,"y":59,"length":336.21719170797917},{"x":347,"y":105,"length":362.5382738415353},{"x":419,"y":124,"length":436.9633851937711},{"x":418,"y":175,"length":453.15449903978663},{"x":348,"y":189,"length":396.01136347332255},{"x":328,"y":232,"length":401.756144943671},{"x":366,"y":302,"length":474.51027386137804},{"x":330,"y":335,"length":470.2393007820593},{"x":272,"y":293,"length":399.7911955008514},{"x":245,"y":320,"length":403.01985062773275},{"x":255,"y":370,"length":449.36065693382636},{"x":250,"y":448,"length":513.0341119262929},{"x":245,"y":515,"length":570.3069349043548},{"x":230,"y":576,"length":620.2225407061566},{"x":212,"y":629,"length":663.7657719406749},{"x":188,"y":683,"length":708.4017221887592},{"x":153,"y":738,"length":753.6929082855961},{"x":115,"y":789,"length":797.3368171607278},{"x":80,"y":827,"length":830.8603974194461},{"x":30,"y":873,"length":873.5153118291631},{"x":-22,"y":913,"length":913.265021776264},{"x":-92,"y":952,"length":956.4350474548703},{"x":-153,"y":976,"length":987.9195311360131},{"x":-210,"y":992,"length":1013.9842207845248},{"x":-292,"y":1004,"length":1045.6003060443315},{"x":-380,"y":1006,"length":1075.3771431456037},{"x":-465,"y":995,"length":1098.2941318244398},{"x":-551,"y":970,"length":1115.5720505641937},{"x":-623,"y":940,"length":1127.7096257459186},{"x":-735,"y":863,"length":1133.5757583858258},{"x":-960,"y":468,"length":1068},{"x":-612,"y":731,"length":953.3650927110767},{"x":-542,"y":778,"length":948.1814172403929},{"x":-485,"y":804,"length":938.9574005246458},{"x":-406,"y":823,"length":917.6954832622856},{"x":-330,"y":826,"length":889.480747402663},{"x":-247,"y":816,"length":852.5637806052988},{"x":-169,"y":788,"length":805.9187303940764},{"x":-93,"y":742,"length":747.8054559843756},{"x":-37,"y":691,"length":691.9898843191279},{"x":3,"y":641,"length":641.0070202423683},{"x":33,"y":589,"length":589.9237238830118},{"x":56,"y":525,"length":527.9782192477262},{"x":69,"y":464,"length":469.1023342512804},{"x":72,"y":390,"length":396.5904688718578},{"x":65,"y":322,"length":328.49505323520475},{"x":48,"y":267,"length":271.28029784707917},{"x":27,"y":223,"length":224.62858233092243},{"x":14,"y":182,"length":182.53766734567415},{"x":10,"y":145,"length":145.34441853748632},{"x":17,"y":106,"length":107.35455276791944},{"x":37,"y":64,"length":73.92563831310488}],"density":1,"safeId":2,"physic":true,"rem":true,"rotation":0,"plr":false,"line":true,"x":3625,"isStatic":false,"id":-1,"isWheel":false,"ignore":false,"graphic":true,"y":150},"className":"frg.game.editor.objects::LandscapeShaper"},{"params":{"height":255.1,"x":12345,"y":-802,"rotation":0,"width":255.1},"className":"OvalTemplate"},{"params":{"layer":3,"vertices":[{"x":94,"y":-36,"length":100.65783625729296},{"x":119,"y":-44,"length":126.87395319765204},{"x":154,"y":-47,"length":161.01242188104618},{"x":182,"y":-44,"length":187.2431574183687},{"x":210,"y":-34,"length":212.73457640919588},{"x":240,"y":-15,"length":240.46829312822095},{"x":260,"y":10,"length":260.1922366251537},{"x":273,"y":40,"length":275.9148419349709},{"x":277,"y":73,"length":286.457675756821},{"x":275,"y":100,"length":292.61749776799064},{"x":267,"y":128,"length":296.096268129134},{"x":251,"y":156,"length":295.52834043455124},{"x":231,"y":176,"length":290.4083332137699},{"x":205,"y":194,"length":282.24280327406046},{"x":176,"y":205,"length":270.1869722988138},{"x":141,"y":207,"length":250.4595775769016},{"x":104,"y":200,"length":225.42404485768594},{"x":70,"y":180,"length":193.13207915827965},{"x":46,"y":156,"length":162.64070831129578},{"x":32,"y":131,"length":134.8517704741024},{"x":22,"y":98,"length":100.43903623591775},{"x":22,"y":68,"length":71.47027354082255},{"x":25,"y":44,"length":50.60632371551998},{"x":37,"y":19,"length":41.593268686170845},{"x":53,"y":-4,"length":53.150729063673246},{"x":72,"y":-21,"length":75}],"density":1,"safeId":2,"physic":true,"rem":true,"rotation":-27,"plr":false,"line":true,"x":12175,"isStatic":false,"id":-1,"isWheel":true,"ignore":false,"graphic":true,"y":-806},"className":"frg.game.editor.objects::LandscapeShaper"},{"params":{"layer":6,"vertices":[{"x":-5,"y":40,"length":40.311288741492746},{"x":50,"y":0,"length":50},{"x":930,"y":635,"length":1126.110562955521},{"x":765,"y":640,"length":997.409143731899},{"x":340,"y":655,"length":737.9871272590058},{"x":340,"y":595,"length":685.2919086053768},{"x":685,"y":585,"length":900.8051953669006},{"x":280,"y":290,"length":403.11288741492746},{"x":295,"y":665,"length":727.4957044546724},{"x":55,"y":665,"length":667.2705598181295},{"x":55,"y":595,"length":597.5366097570926},{"x":0,"y":575,"length":575},{"x":0,"y":535,"length":535},{"x":55,"y":510,"length":512.9571132170797},{"x":55,"y":430,"length":433.50317184537414},{"x":0,"y":410,"length":410},{"x":0,"y":365,"length":365},{"x":60,"y":345,"length":350.1785258978626},{"x":60,"y":275,"length":281.4693589007514},{"x":0,"y":250,"length":250},{"x":0,"y":195,"length":195},{"x":50,"y":170,"length":177.2004514666935},{"x":50,"y":120,"length":130},{"x":0,"y":90,"length":90}],"density":1,"safeId":2,"physic":true,"rem":true,"rotation":-36,"plr":false,"line":true,"x":4291,"isStatic":false,"id":-1,"isWheel":false,"ignore":false,"graphic":true,"y":281},"className":"frg.game.editor.objects::LandscapeShaper"},{"params":{"sf":true,"bg":true,"x":7420,"vertices":[{"x":0,"y":0,"length":0},{"x":2450,"y":0,"length":2450},{"x":2335,"y":330,"length":2358.2037655809136},{"x":2230,"y":455,"length":2275.944858734499},{"x":2015,"y":595,"length":2101.0116610813943},{"x":15,"y":595,"length":595.1890455981192}],"id":-1,"density":1.5,"viscosity":1.5,"y":-50,"rotation":0},"className":"frg.game.editor.objects::WaterShaper"},{"params":{"layer":2,"vertices":[{"x":2125,"y":-345,"length":2152.8237271081903},{"x":2302,"y":-390,"length":2334.8027753966717},{"x":2411,"y":-436,"length":2450.1055079322605},{"x":2515,"y":-485,"length":2561.3375412077185},{"x":2755,"y":-620,"length":2823.9024416576435},{"x":2865,"y":-680,"length":2944.5925015186735},{"x":2920,"y":-695,"length":3001.5704222956356},{"x":2985,"y":-685,"length":3062.5887742235327},{"x":3055,"y":-665,"length":3126.539620730881},{"x":3123,"y":-622,"length":3184.3387068589295},{"x":3197,"y":-578,"length":3248.8294815209983},{"x":3258,"y":-557,"length":3305.2704881749087},{"x":3340,"y":-545,"length":3384.172720178449},{"x":3415,"y":-540,"length":3457.430404216403},{"x":3493,"y":-549,"length":3535.880371279549},{"x":3557,"y":-573,"length":3602.8569219440287},{"x":3626,"y":-582,"length":3672.4106524189256},{"x":3705,"y":-567,"length":3748.1347361054136},{"x":3771,"y":-541,"length":3809.609166305646},{"x":3823,"y":-507,"length":3856.472222122182},{"x":4295,"y":-155,"length":4297.795946761549},{"x":4230,"y":34,"length":4230.136640819064},{"x":4420,"y":737,"length":4481.023209045005},{"x":640,"y":650,"length":912.1951545584968},{"x":1075,"y":-345,"length":1129.0039858211308}],"density":1,"safeId":-1,"physic":true,"rem":true,"rotation":0,"plr":false,"line":false,"x":-1634,"isStatic":true,"id":-1,"isWheel":false,"ignore":false,"graphic":true,"y":765},"className":"frg.game.editor.objects::LandscapeShaper"},{"params":{"wireframe":false,"vertices":[{"x":0,"y":0,"length":0},{"x":1050,"y":-390,"length":1120.0892821556681},{"x":2055,"y":-385,"length":2090.7534527055072},{"x":2715,"y":-555,"length":2771.1459723370763},{"x":2790,"y":-565,"length":2846.6339771737426},{"x":3570,"y":-460,"length":3599.5138560644546},{"x":3640,"y":-440,"length":3666.4969657699157},{"x":3730,"y":-390,"length":3750.3333185198353},{"x":4860,"y":270,"length":4867.494221876385},{"x":5015,"y":315,"length":5024.8830832169615},{"x":5185,"y":320,"length":5194.865253305421},{"x":5345,"y":280,"length":5352.328932343377},{"x":5505,"y":120,"length":5506.30774657574},{"x":5655,"y":-50,"length":5655.221039004577},{"x":6175,"y":-415,"length":6188.929632820202},{"x":6855,"y":-585,"length":6879.916423910977},{"x":7395,"y":-570,"length":7416.93501387197},{"x":12740,"y":-865,"length":12769.331423375304},{"x":13040,"y":-1085,"length":13085.061138565612},{"x":13115,"y":-1180,"length":13167.977255448159},{"x":13370,"y":-940,"length":13403.003394761936},{"x":13690,"y":-780,"length":13712.202594769376},{"x":14145,"y":-750,"length":14164.869395797477},{"x":15260,"y":-950,"length":15289.542177580073},{"x":17000,"y":-680,"length":17013.59456434765}],"lineId":0,"physic":false,"directed":true,"width":17017.65,"shape":false,"height":1579.35,"isRoad":true,"rotation":0,"textureMode":true,"straightSides":true,"originOffsetRatio":0,"cameraOffsetY":80,"stretchTexture":false,"thick":128,"repeatTexture":true,"line":false,"x":-1604,"smoothing":true,"y":817,"direction":90,"textureOffset":0,"camera":true,"snapToGrid":true},"className":"frg.game.editor.objects::GroundPather"},{"params":{"layer":2,"vertices":[{"x":1460,"y":-2168,"length":2613.7758128806686},{"x":1611,"y":-1988,"length":2558.8014772545366},{"x":5995,"y":-2780,"length":6608.208910135938},{"x":11620,"y":-3870,"length":12247.501786078661},{"x":15355,"y":-4355,"length":15960.64065130219},{"x":18910,"y":-1445,"length":18965.12918490143},{"x":15755,"y":2280,"length":15919.121363944681},{"x":14383,"y":372,"length":14387.809875029625},{"x":14418,"y":-123,"length":14418.52464713363},{"x":14429,"y":-155,"length":14429.83250076036},{"x":14476,"y":-641,"length":14490.18485044273},{"x":14479,"y":-718,"length":14496.791541579123},{"x":14468,"y":-805,"length":14490.377807358924},{"x":14451,"y":-882,"length":14477.89090302866},{"x":14427,"y":-941,"length":14457.655757417937},{"x":14390,"y":-1006,"length":14425.12169792685},{"x":14335,"y":-1078,"length":14375.4759573379},{"x":14277,"y":-1140,"length":14322.441446904226},{"x":14208,"y":-1189,"length":14257.664079364473},{"x":14126,"y":-1234,"length":14179.796613492028},{"x":14040,"y":-1260,"length":14096.4250787212},{"x":13960,"y":-1275,"length":14018.103473722827},{"x":13875,"y":-1275,"length":13933.457934052121},{"x":13780,"y":-1265,"length":13837.941501538442},{"x":13690,"y":-1240,"length":13746.043067006593},{"x":13605,"y":-1200,"length":13657.819189021357},{"x":13540,"y":-1155,"length":13589.173080066352},{"x":13485,"y":-1105,"length":13530.19770735077},{"x":13435,"y":-1050,"length":13475.968425311778},{"x":13400,"y":-1000,"length":13437.26162579266},{"x":13370,"y":-945,"length":13403.35499044922},{"x":13345,"y":-885,"length":13374.313066471863},{"x":13325,"y":-815,"length":13349.900748694727},{"x":13291,"y":-786,"length":13314.220855911923},{"x":13253,"y":-788,"length":13276.405876591753},{"x":13177,"y":-866,"length":13205.426346771239},{"x":13113,"y":-933,"length":13146.149930683128},{"x":12873,"y":-1176,"length":12926.604542570334},{"x":12790,"y":-1234,"length":12849.3912696283},{"x":12700,"y":-1273,"length":12763.640899053844},{"x":12574,"y":-1324,"length":12643.514226669735},{"x":12415,"y":-1370,"length":12490.361283806005},{"x":12248,"y":-1404,"length":12328.208304534768},{"x":12080,"y":-1425,"length":12163.758670739895},{"x":11875,"y":-1440,"length":11961.99084600887},{"x":11695,"y":-1450,"length":11784.546024349007},{"x":11545,"y":-1435,"length":11633.840724369575},{"x":11415,"y":-1405,"length":11501.141247719723},{"x":11295,"y":-1385,"length":11379.597971809022},{"x":6575,"y":-1345,"length":6711.158618301314},{"x":6495,"y":-1365,"length":6636.88556478112},{"x":6415,"y":-1410,"length":6568.129490197342},{"x":6290,"y":-1495,"length":6465.224280719115},{"x":6125,"y":-1590,"length":6328.011140951002},{"x":6010,"y":-1630,"length":6227.118113541769},{"x":5870,"y":-1655,"length":6098.846202356639},{"x":5650,"y":-1665,"length":5890.222831099007},{"x":5545,"y":-1655,"length":5786.713229459362},{"x":5420,"y":-1620,"length":5656.9249597285625},{"x":5330,"y":-1590,"length":5562.103918482646},{"x":3680,"y":-665,"length":3739.602251577031},{"x":3560,"y":-615,"length":3612.7309614749893},{"x":3445,"y":-590,"length":3495.157364125398},{"x":3360,"y":-610,"length":3414.923132370625},{"x":3140,"y":-725,"length":3222.611518628952},{"x":3010,"y":-815,"length":3118.3849986812083},{"x":2870,"y":-880,"length":3001.8827425467503},{"x":2735,"y":-910,"length":2882.416520907414},{"x":2595,"y":-920,"length":2753.2571619810597},{"x":2455,"y":-910,"length":2618.2293635203164},{"x":2320,"y":-885,"length":2483.0676591667816},{"x":2215,"y":-840,"length":2368.9290829402216},{"x":2135,"y":-770,"length":2269.6089971622864},{"x":2034,"y":-602,"length":2121.2166320298356},{"x":1980,"y":-460,"length":2032.732151563506},{"x":1935,"y":-345,"length":1965.5151996359632},{"x":1843,"y":-212,"length":1855.1530934130476},{"x":1694,"y":-36,"length":1694.3824833844335},{"x":1580,"y":55,"length":1580.9569886622469},{"x":1495,"y":105,"length":1498.682754955164},{"x":1405,"y":120,"length":1410.1152435173517},{"x":1255,"y":145,"length":1263.3487246204033},{"x":1085,"y":155,"length":1096.0155108391486},{"x":940,"y":150,"length":951.8928511129811},{"x":795,"y":147,"length":808.4763447374327},{"x":755,"y":185,"length":777.3351915358007},{"x":715,"y":225,"length":749.5665414091},{"x":710,"y":270,"length":759.6051605933177},{"x":710,"y":345,"length":789.3826701923472},{"x":730,"y":450,"length":857.5546629807338},{"x":665,"y":425,"length":789.2084642222231},{"x":365,"y":435,"length":567.8468103282786},{"x":-450,"y":165,"length":479.2963592601137},{"x":1091,"y":-2242,"length":2493.3601825648857}],"density":1,"safeId":-1,"physic":true,"rem":true,"rotation":0,"plr":false,"line":true,"x":-924,"isStatic":true,"id":-1,"isWheel":false,"ignore":false,"graphic":true,"y":-3},"className":"frg.game.editor.objects::LandscapeShaper"},{"params":{"sf":true,"bg":true,"x":3840,"vertices":[{"x":0,"y":0,"length":0},{"x":1630,"y":0,"length":1630},{"x":1630,"y":685,"length":1768.0851223852317},{"x":0,"y":685,"length":685}],"id":-1,"density":1.5,"viscosity":1.5,"y":140,"rotation":0},"className":"frg.game.editor.objects::WaterShaper"},{"params":{"layer":2,"vertices":[{"x":4685,"y":145,"length":4687.243326305986},{"x":4740,"y":175,"length":4743.229385134141},{"x":4805,"y":200,"length":4809.160529655877},{"x":4875,"y":210,"length":4879.520980588156},{"x":4955,"y":210,"length":4959.448053967296},{"x":5005,"y":205,"length":5009.196542360861},{"x":5060,"y":195,"length":5063.756017029256},{"x":5105,"y":170,"length":5107.82977398425},{"x":5145,"y":145,"length":5147.042840311318},{"x":5190,"y":110,"length":5191.16557239316},{"x":5230,"y":65,"length":5230.403904097656},{"x":5260,"y":25,"length":5260.059410310876},{"x":5285,"y":-15,"length":5285.021286617491},{"x":5305,"y":-55,"length":5305.285100727387},{"x":5315,"y":-95,"length":5315.848944430231},{"x":5325,"y":-145,"length":5326.973812588157},{"x":5330,"y":-185,"length":5333.209633982148},{"x":5330,"y":-250,"length":5335.859818248601},{"x":5305,"y":-351,"length":5316.599100929089},{"x":5273,"y":-432,"length":5290.666593161962},{"x":5272,"y":-481,"length":5293.896957818503},{"x":5280,"y":-516,"length":5305.153720675773},{"x":5298,"y":-552,"length":5326.678890265491},{"x":5322,"y":-583,"length":5353.837222030569},{"x":5353,"y":-609,"length":5387.5309743889175},{"x":5393,"y":-628,"length":5429.44131564197},{"x":5434,"y":-635,"length":5470.97623829605},{"x":5481,"y":-631,"length":5517.2023707672715},{"x":5524,"y":-617,"length":5558.350924509895},{"x":5565,"y":-584,"length":5595.559042669463},{"x":5593,"y":-548,"length":5619.782291156838},{"x":5615,"y":-468,"length":5634.469717728546},{"x":5622,"y":-402,"length":5636.354140754464},{"x":5635,"y":-350,"length":5645.859102032214},{"x":5660,"y":-295,"length":5667.682506986432},{"x":5755,"y":-365,"length":5766.5631011894775},{"x":5777,"y":-377,"length":5789.288211861627},{"x":5804,"y":-384,"length":5816.689092602423},{"x":5834,"y":-380,"length":5846.362629875091},{"x":5861,"y":-368,"length":5872.541613305094},{"x":5882,"y":-347,"length":5892.226489197441},{"x":5894,"y":-321,"length":5902.734705202327},{"x":5897,"y":-292,"length":5904.225012649839},{"x":5892,"y":-265,"length":5897.956340970998},{"x":5834,"y":-172,"length":5836.534930932908},{"x":5900,"y":-137,"length":5901.590378872461},{"x":5976,"y":-78,"length":5976.5090144665555},{"x":6049,"y":-2,"length":6049.000330633154},{"x":6166,"y":41,"length":6166.136310527038},{"x":6258,"y":50,"length":6258.19974113962},{"x":6341,"y":46,"length":6341.166848459359},{"x":6417,"y":9,"length":6417.006311357345},{"x":6492,"y":-32,"length":6492.078865817944},{"x":6583,"y":-105,"length":6583.837330918801},{"x":7091,"y":1028,"length":7165.128400803435},{"x":4445,"y":895,"length":4534.2088615325165},{"x":4220,"y":15,"length":4220.026658683568},{"x":4295,"y":-155,"length":4297.795946761549}],"density":1,"safeId":-1,"physic":false,"rem":true,"rotation":0,"plr":false,"line":false,"x":-1634,"isStatic":true,"id":-1,"isWheel":false,"ignore":false,"graphic":true,"y":765},"className":"frg.game.editor.objects::LandscapeShaper"},{"params":{"layer":2,"vertices":[{"x":2125,"y":-325,"length":2149.709282670566},{"x":2225,"y":-345,"length":2251.588328269624},{"x":2335,"y":-390,"length":2367.345559904595},{"x":2445,"y":-450,"length":2486.066169674492},{"x":2710,"y":-635,"length":2783.4016957672493},{"x":2790,"y":-685,"length":2872.8600731675047},{"x":2855,"y":-705,"length":2940.7567053396306},{"x":2930,"y":-710,"length":3014.7968422432714},{"x":2990,"y":-695,"length":3069.7108984397864},{"x":3055,"y":-665,"length":3126.539620730881},{"x":3123,"y":-622,"length":3184.3387068589295},{"x":3180,"y":-570,"length":3230.681042752441},{"x":3235,"y":-515,"length":3275.736558394158},{"x":3305,"y":-440,"length":3334.160314082093},{"x":3380,"y":-355,"length":3398.5916200685247},{"x":3475,"y":-260,"length":3484.713044140077},{"x":3635,"y":-90,"length":3636.113997112852},{"x":3720,"y":-55,"length":3720.4065638045527},{"x":3855,"y":-50,"length":3855.324240579513},{"x":3935,"y":-30,"length":3935.1143566610617},{"x":4060,"y":15,"length":4060.027709265049},{"x":4205,"y":40,"length":4205.190245399131},{"x":4330,"y":60,"length":4330.415684434925},{"x":4435,"y":80,"length":4435.721474574345},{"x":4560,"y":95,"length":4560.989475979965},{"x":4690,"y":105,"length":4691.175225889564},{"x":4820,"y":110,"length":4821.255023331581},{"x":4935,"y":100,"length":4936.0130672436435},{"x":5060,"y":95,"length":5060.891719845426},{"x":5190,"y":65,"length":5190.407016795503},{"x":5295,"y":25,"length":5295.0590176125515},{"x":5395,"y":-40,"length":5395.1482834116805},{"x":5460,"y":-140,"length":5461.794576876725},{"x":5520,"y":-245,"length":5525.4343720652405},{"x":5550,"y":-340,"length":5560.404661533187},{"x":5570,"y":-425,"length":5586.190562449512},{"x":5585,"y":-510,"length":5608.237245338325},{"x":5625,"y":-530,"length":5649.913716155318},{"x":5680,"y":-520,"length":5703.753150338819},{"x":5790,"y":-500,"length":5811.548846908197},{"x":5945,"y":-485,"length":5964.750623454429},{"x":6080,"y":-485,"length":6099.313485958891},{"x":6295,"y":-485,"length":6313.655834775918},{"x":6500,"y":-496,"length":6518.896839189894},{"x":6744,"y":-526,"length":6764.481650503607},{"x":6932,"y":-564,"length":6954.906181969674},{"x":7032,"y":-602,"length":7057.721161961557},{"x":7112,"y":-646,"length":7141.2785970020805},{"x":7180,"y":-700,"length":7214.041862922615},{"x":7227,"y":-756,"length":7266.434132365062},{"x":7260,"y":-838,"length":7308.203883308128},{"x":7282,"y":-868,"length":7333.5494816630235},{"x":7322,"y":-868,"length":7373.269830950174},{"x":7348,"y":-837,"length":7395.517088074369},{"x":7388,"y":-728,"length":7423.781246777144},{"x":7440,"y":-660,"length":7469.216826414936},{"x":7530,"y":-590,"length":7553.078842432403},{"x":7620,"y":-531,"length":7638.478971627794},{"x":7707,"y":-485,"length":7722.245398846116},{"x":7785,"y":-451,"length":7798.0527056438905},{"x":7858,"y":-423,"length":7869.376913072597},{"x":7944,"y":-402,"length":7954.16494674331},{"x":8042,"y":-381,"length":8051.020121698864},{"x":8146,"y":-370,"length":8154.398567644336},{"x":8253,"y":-366,"length":8261.111608010147},{"x":8345,"y":-371,"length":8353.242843351318},{"x":8434,"y":-382,"length":8442.646504503195},{"x":8537,"y":-408,"length":8546.74399991014},{"x":8618,"y":-438,"length":8629.123246309558},{"x":8706,"y":-480,"length":8719.222213018773},{"x":8808,"y":-552,"length":8825.28005221364},{"x":8874,"y":-624,"length":8895.912094889427},{"x":8921,"y":-647,"length":8944.431228423638},{"x":8954,"y":-643,"length":8977.057702833374},{"x":8980,"y":-626,"length":9001.792932521832},{"x":9018,"y":-584,"length":9036.88995174778},{"x":9038,"y":-560,"length":9055.3323517141},{"x":9056,"y":-538,"length":9071.966710697301},{"x":9061,"y":-500,"length":9074.78490103209},{"x":9061,"y":-381,"length":9069.006671074843},{"x":9024,"y":-216,"length":9026.584736211144},{"x":8955,"y":520,"length":8970.085005171355},{"x":8535,"y":1075,"length":8602.432795436416},{"x":6695,"y":935,"length":6759.974112376467},{"x":625,"y":1515,"length":1638.8563085273827},{"x":640,"y":315,"length":713.319703919638},{"x":1230,"y":-180,"length":1243.1009613060396},{"x":1085,"y":-325,"length":1132.6296835241428}],"density":1,"safeId":-1,"physic":true,"rem":true,"rotation":0,"plr":false,"line":false,"x":4231,"isStatic":true,"id":-1,"isWheel":false,"ignore":false,"graphic":true,"y":419},"className":"frg.game.editor.objects::LandscapeShaper"},{"params":{"layer":8,"vertices":[{"x":94,"y":-36,"length":100.65783625729296},{"x":119,"y":-44,"length":126.87395319765204},{"x":154,"y":-47,"length":161.01242188104618},{"x":182,"y":-44,"length":187.2431574183687},{"x":210,"y":-34,"length":212.73457640919588},{"x":240,"y":-15,"length":240.46829312822095},{"x":260,"y":10,"length":260.1922366251537},{"x":273,"y":40,"length":275.9148419349709},{"x":277,"y":73,"length":286.457675756821},{"x":275,"y":100,"length":292.61749776799064},{"x":267,"y":128,"length":296.096268129134},{"x":251,"y":156,"length":295.52834043455124},{"x":231,"y":176,"length":290.4083332137699},{"x":205,"y":194,"length":282.24280327406046},{"x":176,"y":205,"length":270.1869722988138},{"x":141,"y":207,"length":250.4595775769016},{"x":104,"y":200,"length":225.42404485768594},{"x":70,"y":180,"length":193.13207915827965},{"x":46,"y":156,"length":162.64070831129578},{"x":32,"y":131,"length":134.8517704741024},{"x":22,"y":98,"length":100.43903623591775},{"x":22,"y":68,"length":71.47027354082255},{"x":25,"y":44,"length":50.60632371551998},{"x":37,"y":19,"length":41.593268686170845},{"x":53,"y":-4,"length":53.150729063673246},{"x":72,"y":-21,"length":75}],"density":1,"safeId":2,"physic":true,"rem":true,"rotation":-27,"plr":false,"line":true,"x":13215,"isStatic":false,"id":-1,"isWheel":false,"ignore":false,"graphic":true,"y":-216},"className":"frg.game.editor.objects::LandscapeShaper"},{"params":{"wireframe":false,"vertices":[{"x":0,"y":0,"length":0},{"x":750,"y":0,"length":750},{"x":830,"y":-15,"length":830.1355311032048},{"x":935,"y":-42,"length":935.9428401350159},{"x":1046,"y":-84,"length":1049.367428501571},{"x":1152,"y":-136,"length":1160},{"x":1255,"y":-197,"length":1270.3676633164116},{"x":1512,"y":-339,"length":1549.5370276311567},{"x":1568,"y":-353,"length":1607.243914283081},{"x":1624,"y":-346,"length":1660.4493367760426},{"x":1703,"y":-321,"length":1732.9887477995926},{"x":1842,"y":-237,"length":1857.1841588813963},{"x":1900,"y":-217,"length":1912.3516935961334},{"x":1985,"y":-201,"length":1995.150620880539},{"x":2065,"y":-195,"length":2074.186587556674},{"x":2138,"y":-206,"length":2147.9013012706146},{"x":2197,"y":-227,"length":2208.6959953782684},{"x":2273,"y":-238,"length":2285.4262184546674},{"x":2351,"y":-227,"length":2361.9335299707313},{"x":2426,"y":-195,"length":2433.824356850757},{"x":2519,"y":-128,"length":2522.2499876102684},{"x":3336,"y":491,"length":3371.9396495192495},{"x":3386,"y":517,"length":3425.2423271938},{"x":3432,"y":534,"length":3473.295265306421},{"x":3477,"y":544,"length":3519.2989358677673},{"x":3520,"y":548,"length":3562.4014372330357},{"x":3590,"y":549,"length":3631.7352601752236},{"x":3664,"y":541,"length":3703.7247467920724},{"x":3721,"y":521,"length":3757.2971668474665},{"x":3778,"y":491,"length":3809.7723029073536},{"x":3824,"y":457,"length":3851.210848551401},{"x":3871,"y":408,"length":3892.442035535019},{"x":3908,"y":363,"length":3924.822671153437},{"x":3938,"y":310,"length":3950.182780581172},{"x":3954,"y":272,"length":3963.3445472227113},{"x":3971,"y":198,"length":3975.933223785329},{"x":3976,"y":148,"length":3978.753573671031},{"x":3974,"y":95,"length":3975.1353436078125},{"x":3961,"y":35,"length":3961.1546296502993},{"x":3947,"y":-11,"length":3947.015328067526},{"x":3918,"y":-90,"length":3919.0335543345377},{"x":3917,"y":-142,"length":3919.573063485359},{"x":3927,"y":-175,"length":3930.8973530225894},{"x":3939,"y":-202,"length":3944.1760863328605},{"x":3953,"y":-223,"length":3959.2850364680744},{"x":3970,"y":-243,"length":3977.429949100298},{"x":3996,"y":-264,"length":4004.711225544234},{"x":4022,"y":-276,"length":4031.458793042538},{"x":4048,"y":-286,"length":4058.090684053278},{"x":4079,"y":-292,"length":4089.4382254779202},{"x":4112,"y":-291,"length":4122.2839543146465},{"x":4140,"y":-283,"length":4149.661311480733},{"x":4167,"y":-273,"length":4175.933189120727},{"x":4189,"y":-258,"length":4196.937573993685},{"x":4215,"y":-237,"length":4221.657731270975},{"x":4241,"y":-204,"length":4245.903555192935},{"x":4262,"y":-126,"length":4263.8620990834115},{"x":4269,"y":-60,"length":4269.4216235925915},{"x":4281,"y":-8,"length":4281.007474882519},{"x":4306,"y":49,"length":4306.278788002467},{"x":4399,"y":-20,"length":4399.045464643438},{"x":4422,"y":-34,"length":4422.130708154158},{"x":4448,"y":-40,"length":4448.179852478989},{"x":4477,"y":-37,"length":4477.1528899513805},{"x":4508,"y":-23,"length":4508.058673087563},{"x":4530,"y":-1,"length":4530.000110375275},{"x":4541,"y":23,"length":4541.05824670858},{"x":4544,"y":53,"length":4544.309078396847},{"x":4539,"y":80,"length":4539.704946359399},{"x":4482,"y":173,"length":4485.337556973834},{"x":4545,"y":206,"length":4549.666031699469},{"x":4620,"y":265,"length":4627.5938672273305},{"x":4696,"y":340,"length":4708.292259407863},{"x":4812,"y":385,"length":4827.377031059414},{"x":4908,"y":393,"length":4923.709272489593},{"x":4988,"y":389,"length":5003.145510576322},{"x":5139,"y":310,"length":5148.341577634491},{"x":5239,"y":233,"length":5244.178677352632},{"x":5333,"y":161,"length":5335.429692161635},{"x":5740,"y":-182,"length":5742.884641014479},{"x":5595,"y":-326,"length":5604.489361217487},{"x":6632,"y":-328,"length":6640.10602324993},{"x":6733,"y":-345,"length":6741.833133503083},{"x":6841,"y":-391,"length":6852.164767429342},{"x":6951,"y":-450,"length":6965.551019122608},{"x":7300,"y":-686,"length":7332.161754898756},{"x":7365,"y":-706,"length":7398.760774616247},{"x":7438,"y":-712,"length":7472.000267665948},{"x":7502,"y":-696,"length":7534.21661488439},{"x":7565,"y":-669,"length":7594.523421518957},{"x":7633,"y":-623,"length":7658.382205139673},{"x":7692,"y":-570,"length":7713.090431208492},{"x":7894,"y":-354,"length":7901.933434293154},{"x":8146,"y":-91,"length":8146.5082704186825},{"x":8233,"y":-56,"length":8233.190450851966},{"x":8365,"y":-53,"length":8365.167900287477},{"x":8570,"y":11,"length":8570.00705950701},{"x":8950,"y":78,"length":8950.339881814545},{"x":9077,"y":94,"length":9077.486711639956},{"x":9208,"y":105,"length":9208.59864474503},{"x":9332,"y":108,"length":9332.624925496577},{"x":9563,"y":93,"length":9563.45220095756},{"x":9701,"y":63,"length":9701.204564382713},{"x":9807,"y":22,"length":9807.024676220612},{"x":9901,"y":-36,"length":9901.06544771824},{"x":9968,"y":-135,"length":9968.914133445027},{"x":10029,"y":-240,"length":10031.87126113568},{"x":10062,"y":-349,"length":10068.050705076927},{"x":10096,"y":-513,"length":10109.024928250994},{"x":10135,"y":-532,"length":10148.9530987191},{"x":10301,"y":-503,"length":10313.27348614396},{"x":10455,"y":-488,"length":10466.382804006358},{"x":10811,"y":-488,"length":10822.008362591483},{"x":11008,"y":-500,"length":11019.349527081897},{"x":11257,"y":-529,"length":11269.422789122786},{"x":11444,"y":-566,"length":11457.988130557651},{"x":11542,"y":-607,"length":11557.950207541127},{"x":11627,"y":-653,"length":11645.322580332415},{"x":11691,"y":-704,"length":11712.177295447675},{"x":11732,"y":-757,"length":11756.397109659065},{"x":11766,"y":-839,"length":11795.875423214675},{"x":11795,"y":-872,"length":11827.189395625657},{"x":11838,"y":-873,"length":11870.146292274581},{"x":11861,"y":-842,"length":11890.848792243554},{"x":11900,"y":-729,"length":11922.308543231047},{"x":11955,"y":-659,"length":11973.14937683482},{"x":12029,"y":-601,"length":12044.00440053058},{"x":12122,"y":-540,"length":12134.02175702681},{"x":12218,"y":-488,"length":12227.74173754091},{"x":12355,"y":-432,"length":12362.550262789631},{"x":12458,"y":-404,"length":12464.548928862207},{"x":12611,"y":-377,"length":12616.63386169227},{"x":12719,"y":-372,"length":12724.438887432325},{"x":12814,"y":-372,"length":12819.398581836826},{"x":12942,"y":-387,"length":12947.784868463023},{"x":13045,"y":-411,"length":13051.4729436949},{"x":13216,"y":-486,"length":13224.932967694014},{"x":13316,"y":-552,"length":13327.436362631786},{"x":13381,"y":-626,"length":13395.634998013345},{"x":13435,"y":-652,"length":13450.811462510357},{"x":13468,"y":-646,"length":13483.483971140397},{"x":13495,"y":-629,"length":13509.650846709548},{"x":13568,"y":-542,"length":13578.821303780383},{"x":13575,"y":-501,"length":13584.241826469373},{"x":13572,"y":-386,"length":13577.487985632688},{"x":13537,"y":-224,"length":13538.853164134693},{"x":13465,"y":517,"length":13474.921669531144}],"lineId":0,"physic":false,"directed":false,"width":13613.55,"shape":false,"height":1486.4,"isRoad":true,"rotation":0,"textureMode":true,"straightSides":true,"originOffsetRatio":0,"cameraOffsetY":170,"stretchTexture":false,"thick":128,"repeatTexture":true,"line":true,"x":-280,"smoothing":true,"y":420,"direction":90,"textureOffset":0,"camera":false,"snapToGrid":false},"className":"frg.game.editor.objects::GroundPather"}],[{"params":{"height":17.05,"x":7940,"id":-1,"active":true,"safeId":1,"y":-154,"rotation":3,"width":85.95},"className":"PlankBone"},{"params":{"height":17.05,"x":8010,"id":-1,"active":true,"safeId":1,"y":-150,"rotation":0,"width":85.95},"className":"PlankBone"},{"params":{"height":17.05,"x":8640,"id":-1,"active":true,"safeId":1,"y":-150,"rotation":0,"width":85.95},"className":"PlankBone"},{"params":{"height":17.05,"x":8080,"id":-1,"active":true,"safeId":1,"y":-150,"rotation":0,"width":85.95},"className":"PlankBone"},{"params":{"height":17.05,"x":8220,"id":-1,"active":true,"safeId":1,"y":-150,"rotation":0,"width":85.95},"className":"PlankBone"},{"params":{"height":17.05,"x":8290,"id":-1,"active":true,"safeId":1,"y":-150,"rotation":0,"width":85.95},"className":"PlankBone"},{"params":{"height":17.05,"x":8360,"id":-1,"active":true,"safeId":1,"y":-150,"rotation":0,"width":85.95},"className":"PlankBone"},{"params":{"height":17.05,"x":8150,"id":-1,"active":true,"safeId":1,"y":-150,"rotation":0,"width":85.95},"className":"PlankBone"},{"params":{"height":17.05,"x":8920,"id":-1,"active":true,"safeId":1,"y":-150,"rotation":0,"width":85.95},"className":"PlankBone"},{"params":{"height":17.05,"x":8570,"id":-1,"active":true,"safeId":1,"y":-150,"rotation":0,"width":85.95},"className":"PlankBone"},{"params":{"height":17.05,"x":8990,"id":-1,"active":true,"safeId":1,"y":-146,"rotation":9,"width":85.95},"className":"PlankBone"},{"params":{"height":17.05,"x":8710,"id":-1,"active":true,"safeId":1,"y":-150,"rotation":0,"width":85.95},"className":"PlankBone"},{"params":{"height":17.05,"x":8780,"id":-1,"active":true,"safeId":1,"y":-150,"rotation":0,"width":85.95},"className":"PlankBone"},{"params":{"height":17.05,"x":8850,"id":-1,"active":true,"safeId":1,"y":-150,"rotation":0,"width":85.95},"className":"PlankBone"},{"params":{"height":17.05,"x":8500,"id":-1,"active":true,"safeId":1,"y":110,"rotation":0,"width":85.95},"className":"PlankBone"},{"params":{"height":17.05,"x":8430,"id":-1,"active":true,"safeId":1,"y":-150,"rotation":0,"width":85.95},"className":"PlankBone"},{"params":{"height":17.05,"x":9053,"id":-1,"active":true,"safeId":1,"y":-117,"rotation":42,"width":85.95},"className":"PlankBone"},{"params":{"height":17.05,"x":8500,"id":-1,"active":true,"safeId":1,"y":-150,"rotation":0,"width":85.95},"className":"PlankBone"},{"params":{"height":17.05,"x":8150,"id":-1,"active":true,"safeId":1,"y":110,"rotation":0,"width":85.95},"className":"PlankBone"},{"params":{"height":17.05,"x":8780,"id":-1,"active":true,"safeId":1,"y":110,"rotation":0,"width":85.95},"className":"PlankBone"},{"params":{"height":17.05,"x":8360,"id":-1,"active":true,"safeId":1,"y":110,"rotation":0,"width":85.95},"className":"PlankBone"},{"params":{"height":17.05,"x":8570,"id":-1,"active":true,"safeId":1,"y":110,"rotation":0,"width":85.95},"className":"PlankBone"},{"params":{"height":17.05,"x":8220,"id":-1,"active":true,"safeId":1,"y":110,"rotation":0,"width":85.95},"className":"PlankBone"},{"params":{"height":17.05,"x":8850,"id":-1,"active":true,"safeId":1,"y":110,"rotation":0,"width":85.95},"className":"PlankBone"},{"params":{"height":17.05,"x":8010,"id":-1,"active":true,"safeId":1,"y":110,"rotation":0,"width":85.95},"className":"PlankBone"},{"params":{"height":17.05,"x":7945,"id":-1,"active":true,"safeId":1,"y":110,"rotation":0,"width":85.95},"className":"PlankBone"},{"params":{"height":17.05,"x":8640,"id":-1,"active":true,"safeId":1,"y":110,"rotation":0,"width":85.95},"className":"PlankBone"},{"params":{"height":17.05,"x":8920,"id":-1,"active":true,"safeId":1,"y":110,"rotation":0,"width":85.95},"className":"PlankBone"},{"params":{"height":17.05,"x":8080,"id":-1,"active":true,"safeId":1,"y":110,"rotation":0,"width":85.95},"className":"PlankBone"},{"params":{"height":17.05,"x":8430,"id":-1,"active":true,"safeId":1,"y":110,"rotation":0,"width":85.95},"className":"PlankBone"},{"params":{"height":17.05,"x":8710,"id":-1,"active":true,"safeId":1,"y":110,"rotation":0,"width":85.95},"className":"PlankBone"},{"params":{"height":17.05,"x":8290,"id":-1,"active":true,"safeId":1,"y":110,"rotation":0,"width":85.95},"className":"PlankBone"},{"params":{"height":17.05,"x":9086,"id":-1,"active":true,"safeId":1,"y":-58,"rotation":81,"width":85.95},"className":"PlankBone"},{"params":{"height":17.05,"x":9082,"id":-1,"active":true,"safeId":1,"y":12,"rotation":108,"width":85.95},"className":"PlankBone"},{"params":{"height":17.05,"x":9049,"id":-1,"active":true,"safeId":1,"y":73,"rotation":129,"width":85.95},"className":"PlankBone"},{"params":{"height":17.05,"x":8991,"id":-1,"active":true,"safeId":1,"y":106,"rotation":174,"width":85.95},"className":"PlankBone"},{"params":{"height":17.05,"x":7882,"id":-1,"active":true,"safeId":1,"y":107,"rotation":-174,"width":85.95},"className":"PlankBone"},{"params":{"height":17.05,"x":7812,"id":-1,"active":true,"safeId":1,"y":-107,"rotation":-54,"width":85.95},"className":"PlankBone"},{"params":{"height":17.05,"x":7782,"id":-1,"active":true,"safeId":1,"y":-45,"rotation":-75,"width":85.95},"className":"PlankBone"},{"params":{"height":17.05,"x":7869,"id":-1,"active":true,"safeId":1,"y":-148,"rotation":-15,"width":85.95},"className":"PlankBone"},{"params":{"height":17.05,"x":7782,"id":-1,"active":true,"safeId":1,"y":25,"rotation":-102,"width":85.95},"className":"PlankBone"},{"params":{"height":17.05,"x":7818,"id":-1,"active":true,"safeId":1,"y":82,"rotation":-141,"width":85.95},"className":"PlankBone"},{"params":{"height":128.35,"x":5860,"y":30,"rotation":0,"scaleX":1,"scaleY":1,"width":9.3},"className":"SignPillar"},{"params":{"height":128.35,"x":10450,"y":-130,"rotation":0,"scaleX":1,"scaleY":1,"width":9.3},"className":"SignPillar"},{"params":{"height":95.5,"x":1280,"y":23,"rotation":0,"scaleX":1,"scaleY":1,"width":80.2},"className":"Dec24"},{"params":{"height":128.35,"x":1316,"y":1,"rotation":0,"scaleX":1,"scaleY":1,"width":9.3},"className":"SignPillar"},{"params":{"height":90.05,"x":1318,"y":-74,"rotation":0,"width":102},"className":"Sign21"},{"params":{"height":95.5,"x":5825,"y":45,"rotation":0,"scaleX":1,"scaleY":1,"width":80.2},"className":"Dec24"},{"params":{"height":79.6,"x":10480,"y":-110,"rotation":0,"scaleX":-1,"scaleY":1,"width":77.3},"className":"Dec23"}],[{"params":{"stones":false,"safeId":2,"physic":false,"impulse":14000,"rotation":-54,"height":53.2,"x":12494,"id":41,"count":1,"radius":64,"y":-1031,"width":53.2},"className":"Tnt1"},{"params":{"height":99,"force":5000,"y":-80,"rotation":0,"safeId":2,"x":12860,"time":2,"width":100},"className":"BoostE"},{"params":{"stones":false,"safeId":2,"physic":false,"impulse":21000,"rotation":0,"height":53.2,"x":13350,"id":31,"count":20,"radius":64,"y":-60,"width":53.2},"className":"Tnt1"},{"params":{"stones":false,"safeId":2,"physic":false,"impulse":1,"rotation":0,"height":53.2,"x":13406,"id":31,"count":1,"radius":64,"y":-60,"width":53.2},"className":"Tnt1"},{"params":{"stones":false,"safeId":2,"physic":false,"impulse":1,"rotation":0,"height":53.2,"x":13462,"id":31,"count":1,"radius":64,"y":-60,"width":53.2},"className":"Tnt1"}],null,[{"params":{"height":32,"x":20,"y":320,"rotation":0,"width":64},"className":"PlayerWP"},{"params":{"height":1870,"x":5860,"y":-40,"width":128,"id":1,"rotation":0},"className":"SafePointE"},{"params":{"height":1958,"x":10450,"y":-200,"width":128,"id":2,"rotation":0},"className":"SafePointE"}],[{"params":{"safeId":-1,"rotation":0,"rate":50,"height":17,"x":3808,"id":3,"useWeld":false,"snd":false,"graphic":0,"time":1.3,"y":300,"width":17},"className":"MotorJointE"},{"params":{"safeId":1,"rotation":0,"rate":180,"height":17,"x":1686,"id":6,"useWeld":false,"snd":false,"graphic":0,"time":0,"y":267,"width":17},"className":"MotorJointE"},{"params":{"height":1214,"hint":-1,"id":6,"rotation":0,"safeId":1,"x":656,"off":false,"id_off":-1,"y":237,"width":64,"sndId":-1},"className":"ToggleE"},{"params":{"height":17,"x":4173,"id":-1,"rotation":27,"safeId":2,"graphic":0,"y":470,"width":17},"className":"PivotJointE"},{"params":{"cycle":0,"accelDist":0,"vertices":[{"x":0,"y":0,"length":0},{"x":-110,"y":-164,"length":197.47404892795407}],"stopOnEnd":true,"safeId":-1,"speed":150,"startTime":"0","rotation":0,"body":false,"height":177,"x":4753,"sideWait":0,"id":3,"active":0,"position":0,"snapToGrid":false,"y":440,"width":123},"className":"frg.game.editor.objects::MoverPather"},{"params":{"height":64,"hint":-1,"id":3,"rotation":0,"safeId":-1,"x":3420,"off":false,"id_off":-1,"y":240,"width":550,"sndId":-1},"className":"ToggleE"},{"params":{"height":885,"hint":-1,"id":5,"rotation":0,"safeId":1,"x":6850,"off":false,"id_off":-1,"y":-290,"width":64,"sndId":-1},"className":"ToggleE"},{"params":{"height":415,"hint":-1,"id":41,"rotation":-54,"safeId":2,"x":12407,"off":false,"id_off":-1,"y":-973,"width":49,"sndId":-1},"className":"ToggleE"},{"params":{"height":64,"hint":-1,"id":31,"rotation":0,"safeId":2,"x":13730,"off":false,"id_off":-1,"y":-750,"width":1381,"sndId":-1},"className":"ToggleE"},{"params":{"height":17,"x":8397,"id":-1,"rotation":0,"safeId":1,"graphic":0,"y":-150,"width":17},"className":"PivotJointE"},{"params":{"height":17,"x":8257,"id":-1,"rotation":0,"safeId":1,"graphic":0,"y":-150,"width":17},"className":"PivotJointE"},{"params":{"height":17,"x":8677,"id":-1,"rotation":0,"safeId":1,"graphic":0,"y":-150,"width":17},"className":"PivotJointE"},{"params":{"height":17,"x":8467,"id":-1,"rotation":0,"safeId":1,"graphic":0,"y":-150,"width":17},"className":"PivotJointE"},{"params":{"height":17,"x":7977,"id":-1,"rotation":0,"safeId":1,"graphic":0,"y":-150,"width":17},"className":"PivotJointE"},{"params":{"height":17,"x":8117,"id":-1,"rotation":0,"safeId":1,"graphic":0,"y":-150,"width":17},"className":"PivotJointE"},{"params":{"height":17,"x":8047,"id":-1,"rotation":0,"safeId":1,"graphic":0,"y":-150,"width":17},"className":"PivotJointE"},{"params":{"height":17,"x":8747,"id":-1,"rotation":0,"safeId":1,"graphic":0,"y":-150,"width":17},"className":"PivotJointE"},{"params":{"height":17,"x":8187,"id":-1,"rotation":0,"safeId":1,"graphic":0,"y":-150,"width":17},"className":"PivotJointE"},{"params":{"height":17,"x":8537,"id":-1,"rotation":0,"safeId":1,"graphic":0,"y":-150,"width":17},"className":"PivotJointE"},{"params":{"height":17,"x":8817,"id":-1,"rotation":0,"safeId":1,"graphic":0,"y":-150,"width":17},"className":"PivotJointE"},{"params":{"safeId":1,"rotation":0,"rate":-190,"height":17,"x":7908,"id":5,"useWeld":false,"snd":false,"graphic":1,"time":0,"y":-20,"width":17},"className":"MotorJointE"},{"params":{"height":17,"x":8327,"id":-1,"rotation":0,"safeId":1,"graphic":0,"y":-150,"width":17},"className":"PivotJointE"},{"params":{"height":17,"x":8607,"id":-1,"rotation":0,"safeId":1,"graphic":0,"y":-150,"width":17},"className":"PivotJointE"},{"params":{"height":17,"x":8887,"id":-1,"rotation":0,"safeId":1,"graphic":0,"y":-150,"width":17},"className":"PivotJointE"},{"params":{"height":17,"x":8957,"id":-1,"rotation":0,"safeId":1,"graphic":0,"y":-150,"width":17},"className":"PivotJointE"},{"params":{"height":17,"x":9027,"id":-1,"rotation":9,"safeId":1,"graphic":0,"y":-140,"width":17},"className":"PivotJointE"},{"params":{"height":17,"x":9081,"id":-1,"rotation":42,"safeId":1,"graphic":0,"y":-92,"width":17},"className":"PivotJointE"},{"params":{"height":17,"x":8537,"id":-1,"rotation":0,"safeId":1,"graphic":0,"y":110,"width":17},"className":"PivotJointE"},{"params":{"height":17,"x":8187,"id":-1,"rotation":0,"safeId":1,"graphic":0,"y":110,"width":17},"className":"PivotJointE"},{"params":{"height":17,"x":8817,"id":-1,"rotation":0,"safeId":1,"graphic":0,"y":110,"width":17},"className":"PivotJointE"},{"params":{"height":17,"x":8397,"id":-1,"rotation":0,"safeId":1,"graphic":0,"y":110,"width":17},"className":"PivotJointE"},{"params":{"height":17,"x":8257,"id":-1,"rotation":0,"safeId":1,"graphic":0,"y":110,"width":17},"className":"PivotJointE"},{"params":{"height":17,"x":8607,"id":-1,"rotation":0,"safeId":1,"graphic":0,"y":110,"width":17},"className":"PivotJointE"},{"params":{"height":17,"x":8887,"id":-1,"rotation":0,"safeId":1,"graphic":0,"y":110,"width":17},"className":"PivotJointE"},{"params":{"height":17,"x":8047,"id":-1,"rotation":0,"safeId":1,"graphic":0,"y":110,"width":17},"className":"PivotJointE"},{"params":{"height":17,"x":8677,"id":-1,"rotation":0,"safeId":1,"graphic":0,"y":110,"width":17},"className":"PivotJointE"},{"params":{"height":17,"x":8117,"id":-1,"rotation":0,"safeId":1,"graphic":0,"y":110,"width":17},"className":"PivotJointE"},{"params":{"height":17,"x":8467,"id":-1,"rotation":0,"safeId":1,"graphic":0,"y":110,"width":17},"className":"PivotJointE"},{"params":{"height":17,"x":8747,"id":-1,"rotation":0,"safeId":1,"graphic":0,"y":110,"width":17},"className":"PivotJointE"},{"params":{"height":17,"x":8327,"id":-1,"rotation":0,"safeId":1,"graphic":0,"y":110,"width":17},"className":"PivotJointE"},{"params":{"height":17,"x":9092,"id":-1,"rotation":81,"safeId":1,"graphic":0,"y":-21,"width":17},"className":"PivotJointE"},{"params":{"height":17,"x":9070,"id":-1,"rotation":108,"safeId":1,"graphic":0,"y":48,"width":17},"className":"PivotJointE"},{"params":{"height":17,"x":9025,"id":-1,"rotation":129,"safeId":1,"graphic":0,"y":102,"width":17},"className":"PivotJointE"},{"params":{"height":17,"x":8953,"id":-1,"rotation":174,"safeId":1,"graphic":0,"y":109,"width":17},"className":"PivotJointE"},{"params":{"safeId":2,"rotation":0,"rate":180,"height":17,"x":12345,"id":29,"useWeld":false,"snd":false,"graphic":0,"time":0,"y":-802,"width":17},"className":"MotorJointE"},{"params":{"height":17,"x":7903,"id":-1,"rotation":-9,"safeId":1,"graphic":0,"y":-156,"width":17},"className":"PivotJointE"},{"params":{"height":17,"x":7834,"id":-1,"rotation":-54,"safeId":1,"graphic":0,"y":-137,"width":17},"className":"PivotJointE"},{"params":{"height":17,"x":7845,"id":-1,"rotation":-174,"safeId":1,"graphic":0,"y":103,"width":17},"className":"PivotJointE"},{"params":{"height":17,"x":7792,"id":-1,"rotation":-75,"safeId":1,"graphic":0,"y":-81,"width":17},"className":"PivotJointE"},{"params":{"height":17,"x":7774,"id":-1,"rotation":-102,"safeId":1,"graphic":0,"y":-11,"width":17},"className":"PivotJointE"},{"params":{"height":17,"x":7915,"id":-1,"rotation":177,"safeId":1,"graphic":0,"y":109,"width":17},"className":"PivotJointE"},{"params":{"height":17,"x":7789,"id":-1,"rotation":-141,"safeId":1,"graphic":0,"y":59,"width":17},"className":"PivotJointE"},{"params":{"height":17,"x":7981,"id":-1,"rotation":177,"safeId":1,"graphic":0,"y":109,"width":17},"className":"PivotJointE"},{"params":{"height":17,"x":8981,"id":-1,"rotation":0,"safeId":1,"graphic":1,"y":-20,"width":17},"className":"PivotJointE"},{"params":{"height":1970,"hint":-1,"id":29,"rotation":0,"safeId":2,"x":11460,"off":false,"id_off":-1,"y":-590,"width":64,"sndId":-1},"className":"ToggleE"}]]}