{"settings":{"theme":6,"prizes":"22,28,37","countdown":0,"gravityY":500},"layers":[[{"params":{"height":2384,"x":4400,"y":-900,"rotation":0,"width":985},"className":"FinishZone"},{"params":{"layer":6,"vertices":[{"x":0,"y":0,"length":0},{"x":30,"y":0,"length":30},{"x":30,"y":515,"length":515.8730463980455},{"x":0,"y":515,"length":515}],"density":1,"safeId":-1,"physic":true,"rem":true,"rotation":0,"plr":false,"line":true,"x":3680,"isStatic":false,"id":-1,"isWheel":false,"ignore":false,"graphic":true,"y":-130},"className":"frg.game.editor.objects::LandscapeShaper"},{"params":{"wireframe":false,"vertices":[{"x":0,"y":0,"length":0},{"x":5555,"y":0,"length":5555}],"lineId":0,"physic":true,"directed":true,"width":5568,"shape":true,"height":64,"isRoad":true,"rotation":0,"textureMode":true,"straightSides":true,"originOffsetRatio":0,"cameraOffsetY":50,"stretchTexture":false,"thick":128,"repeatTexture":true,"line":true,"x":-150,"smoothing":true,"y":390,"direction":90,"textureOffset":0,"camera":true,"snapToGrid":true},"className":"frg.game.editor.objects::GroundPather"},{"params":{"layer":6,"vertices":[{"x":25,"y":-5,"length":25.495097567963924},{"x":39,"y":-13,"length":41.10960958218893},{"x":59,"y":-16,"length":61.1310068623117},{"x":76,"y":-13,"length":77.10382610480494},{"x":92,"y":-1,"length":92.00543462209176},{"x":102,"y":15,"length":103.0970416646375},{"x":106,"y":33,"length":111.01801655587259},{"x":101,"y":52,"length":113.6001760562016},{"x":92,"y":66,"length":113.22543883774529},{"x":76,"y":78,"length":108.90362712049586},{"x":55,"y":82,"length":98.73702446397704},{"x":34,"y":77,"length":84.17244204607586},{"x":22,"y":67,"length":70.51950084905593},{"x":13,"y":55,"length":56.515484603779164},{"x":7,"y":39,"length":39.6232255123179},{"x":7,"y":22,"length":23.08679276123039},{"x":13,"y":10,"length":16.401219466856727}],"density":1,"safeId":-1,"physic":true,"rem":true,"rotation":0,"plr":false,"line":true,"x":3640,"isStatic":false,"id":-1,"isWheel":false,"ignore":false,"graphic":true,"y":-190},"className":"frg.game.editor.objects::LandscapeShaper"},{"params":{"layer":0,"vertices":[{"x":0,"y":0,"length":0},{"x":25,"y":0,"length":25},{"x":25,"y":40,"length":47.16990566028302},{"x":0,"y":40,"length":40}],"density":1,"safeId":-1,"physic":true,"rem":true,"rotation":0,"plr":false,"line":false,"x":3710,"isStatic":true,"id":-1,"isWheel":false,"ignore":false,"graphic":false,"y":350},"className":"frg.game.editor.objects::LandscapeShaper"},{"params":{"height":549,"x":2320,"directed":false,"isPillar":false,"y":-140,"thick":16,"direction":90,"snapToGrid":false,"vertices":[{"x":0,"y":0,"length":0},{"x":-28,"y":43,"length":51.31276644267},{"x":-49,"y":87,"length":99.84988733093293},{"x":-63,"y":136,"length":149.88328792764054},{"x":-69,"y":193,"length":204.9634113689563},{"x":-64,"y":256,"length":263.8787600395303},{"x":-49,"y":316,"length":319.77648443874045},{"x":-21,"y":370,"length":370.59546678285204},{"x":10,"y":410,"length":410.1219330881976},{"x":48,"y":445,"length":447.5812775351534},{"x":91,"y":476,"length":484.62047005878736},{"x":143,"y":501,"length":521.0086371644908},{"x":195,"y":515,"length":550.6813960903346},{"x":250,"y":520,"length":576.9748694700662},{"x":301,"y":515,"length":596.5115254544543},{"x":350,"y":504,"length":613.6089960227115},{"x":406,"y":478,"length":627.1522941040716},{"x":453,"y":444,"length":634.3067081467766},{"x":496,"y":402,"length":638.4512510756009},{"x":528,"y":357,"length":637.3641031623918},{"x":549,"y":313,"length":631.9572770369845},{"x":564,"y":257,"length":619.7943207226087},{"x":569,"y":206,"length":605.1421320648564},{"x":565,"y":152,"length":585.0888821367229},{"x":551,"y":100,"length":560.000892856431},{"x":522,"y":45,"length":523.9360648018038},{"x":484,"y":-16,"length":484.264390596707}],"rotation":0,"width":651},"className":"frg.game.editor.objects::BonesPather"},{"params":{"height":558,"x":1620,"directed":false,"isPillar":false,"y":-140,"thick":16,"direction":90,"snapToGrid":false,"vertices":[{"x":19,"y":-25,"length":31.400636936215164},{"x":-28,"y":43,"length":51.31276644267},{"x":-49,"y":87,"length":99.84988733093293},{"x":-63,"y":136,"length":149.88328792764054},{"x":-69,"y":193,"length":204.9634113689563},{"x":-64,"y":256,"length":263.8787600395303},{"x":-49,"y":316,"length":319.77648443874045},{"x":-21,"y":370,"length":370.59546678285204},{"x":10,"y":410,"length":410.1219330881976},{"x":48,"y":445,"length":447.5812775351534},{"x":91,"y":476,"length":484.62047005878736},{"x":143,"y":501,"length":521.0086371644908},{"x":195,"y":515,"length":550.6813960903346},{"x":250,"y":520,"length":576.9748694700662},{"x":301,"y":515,"length":596.5115254544543},{"x":350,"y":504,"length":613.6089960227115},{"x":406,"y":478,"length":627.1522941040716},{"x":453,"y":444,"length":634.3067081467766},{"x":496,"y":402,"length":638.4512510756009},{"x":528,"y":357,"length":637.3641031623918},{"x":549,"y":313,"length":631.9572770369845},{"x":564,"y":257,"length":619.7943207226087},{"x":569,"y":206,"length":605.1421320648564},{"x":565,"y":152,"length":585.0888821367229},{"x":554,"y":98,"length":562.6011020252271},{"x":530,"y":46,"length":531.992481149875},{"x":500,"y":0,"length":500}],"rotation":0,"width":651},"className":"frg.game.editor.objects::BonesPather"},{"params":{"height":562,"x":910,"directed":false,"isPillar":false,"y":-140,"thick":16,"direction":90,"snapToGrid":false,"vertices":[{"x":0,"y":0,"length":0},{"x":-28,"y":43,"length":51.31276644267},{"x":-49,"y":87,"length":99.84988733093293},{"x":-63,"y":136,"length":149.88328792764054},{"x":-69,"y":193,"length":204.9634113689563},{"x":-64,"y":256,"length":263.8787600395303},{"x":-49,"y":316,"length":319.77648443874045},{"x":-21,"y":370,"length":370.59546678285204},{"x":10,"y":410,"length":410.1219330881976},{"x":48,"y":445,"length":447.5812775351534},{"x":91,"y":476,"length":484.62047005878736},{"x":143,"y":501,"length":521.0086371644908},{"x":195,"y":515,"length":550.6813960903346},{"x":250,"y":520,"length":576.9748694700662},{"x":301,"y":515,"length":596.5115254544543},{"x":350,"y":504,"length":613.6089960227115},{"x":406,"y":478,"length":627.1522941040716},{"x":453,"y":444,"length":634.3067081467766},{"x":496,"y":402,"length":638.4512510756009},{"x":528,"y":357,"length":637.3641031623918},{"x":549,"y":313,"length":631.9572770369845},{"x":564,"y":257,"length":619.7943207226087},{"x":569,"y":206,"length":605.1421320648564},{"x":565,"y":152,"length":585.0888821367229},{"x":554,"y":98,"length":562.6011020252271},{"x":530,"y":46,"length":531.992481149875},{"x":503,"y":4,"length":503.0159043211258},{"x":472,"y":-29,"length":472.8900506460249}],"rotation":0,"width":651},"className":"frg.game.editor.objects::BonesPather"},{"params":{"height":533,"x":530,"directed":false,"isPillar":false,"y":-840,"thick":16,"direction":90,"snapToGrid":false,"vertices":[{"x":0,"y":0,"length":0},{"x":-28,"y":43,"length":51.31276644267},{"x":-49,"y":87,"length":99.84988733093293},{"x":-63,"y":136,"length":149.88328792764054},{"x":-69,"y":193,"length":204.9634113689563},{"x":-64,"y":256,"length":263.8787600395303},{"x":-49,"y":316,"length":319.77648443874045},{"x":-21,"y":370,"length":370.59546678285204},{"x":10,"y":410,"length":410.1219330881976},{"x":48,"y":445,"length":447.5812775351534},{"x":91,"y":476,"length":484.62047005878736},{"x":143,"y":501,"length":521.0086371644908},{"x":195,"y":515,"length":550.6813960903346},{"x":250,"y":520,"length":576.9748694700662},{"x":301,"y":515,"length":596.5115254544543},{"x":350,"y":504,"length":613.6089960227115},{"x":406,"y":478,"length":627.1522941040716},{"x":453,"y":444,"length":634.3067081467766},{"x":496,"y":402,"length":638.4512510756009},{"x":528,"y":357,"length":637.3641031623918},{"x":549,"y":313,"length":631.9572770369845},{"x":564,"y":257,"length":619.7943207226087},{"x":569,"y":206,"length":605.1421320648564},{"x":565,"y":152,"length":585.0888821367229}],"rotation":45,"width":651},"className":"frg.game.editor.objects::BonesPather"},{"params":{"height":543,"x":3080,"directed":false,"isPillar":false,"y":-140,"thick":16,"direction":90,"snapToGrid":false,"vertices":[{"x":9,"y":-10,"length":13.45362404707371},{"x":-28,"y":43,"length":51.31276644267},{"x":-49,"y":87,"length":99.84988733093293},{"x":-63,"y":136,"length":149.88328792764054},{"x":-69,"y":193,"length":204.9634113689563},{"x":-64,"y":256,"length":263.8787600395303},{"x":-49,"y":316,"length":319.77648443874045},{"x":-21,"y":370,"length":370.59546678285204},{"x":10,"y":410,"length":410.1219330881976},{"x":48,"y":445,"length":447.5812775351534},{"x":91,"y":476,"length":484.62047005878736},{"x":143,"y":501,"length":521.0086371644908},{"x":195,"y":515,"length":550.6813960903346},{"x":250,"y":520,"length":576.9748694700662}],"rotation":0,"width":332},"className":"frg.game.editor.objects::BonesPather"},{"params":{"layer":6,"vertices":[{"x":0,"y":0,"length":0},{"x":95,"y":5,"length":95.13148795220224},{"x":170,"y":5,"length":170.07351351694948},{"x":249,"y":-6,"length":249.07227866625382},{"x":345,"y":-33,"length":346.5746672796499},{"x":423,"y":-71,"length":428.9172414347551},{"x":492,"y":-115,"length":505.26131852735375},{"x":540,"y":-155,"length":561.8051263561058},{"x":608,"y":-222,"length":647.2619253439832},{"x":665,"y":-297,"length":728.3090003563049},{"x":711,"y":-383,"length":807.5951956271161},{"x":742,"y":-476,"length":881.5554435201452},{"x":760,"y":-569,"length":949.4003370549223},{"x":761,"y":-663,"length":1009.3017388273935},{"x":754,"y":-746,"length":1060.6752566172174},{"x":741,"y":-811,"length":1098.545401883782},{"x":722,"y":-865,"length":1126.7248998757416},{"x":686,"y":-953,"length":1174.225276512135},{"x":624,"y":-1041,"length":1213.6955961030756},{"x":557,"y":-1111,"length":1242.8073060615632},{"x":492,"y":-1165,"length":1264.6299854107524},{"x":410,"y":-1218,"length":1285.1552435406393},{"x":311,"y":-1257,"length":1294.9015406585938},{"x":217,"y":-1277,"length":1295.3061414198576},{"x":128,"y":-1285,"length":1291.359361293362},{"x":-3840,"y":-1273,"length":4045.5072611478527},{"x":-3333,"y":-2706,"length":4293.171904315037},{"x":2060,"y":-2276,"length":3069.8169326524994},{"x":2075,"y":504,"length":2135.3315901751653},{"x":-120,"y":515,"length":528.7958017987662}],"density":1,"safeId":-1,"physic":true,"rem":true,"rotation":0,"plr":false,"line":true,"x":3862,"isStatic":true,"id":-1,"isWheel":false,"ignore":false,"graphic":true,"y":-120},"className":"frg.game.editor.objects::LandscapeShaper"},{"params":{"height":788,"x":1380,"directed":true,"isPillar":true,"y":-626,"thick":128,"direction":90,"snapToGrid":true,"vertices":[{"x":0,"y":0,"length":0},{"x":0,"y":-75,"length":75},{"x":0,"y":-160,"length":160},{"x":0,"y":-240,"length":240},{"x":0,"y":-320,"length":320},{"x":0,"y":-405,"length":405},{"x":0,"y":-495,"length":495},{"x":0,"y":-575,"length":575},{"x":0,"y":-640,"length":640},{"x":0,"y":-710,"length":710},{"x":0,"y":-775,"length":775}],"rotation":0,"width":13},"className":"frg.game.editor.objects::BonesPather"},{"params":{"height":788,"x":2140,"directed":true,"isPillar":true,"y":-633,"thick":128,"direction":90,"snapToGrid":true,"vertices":[{"x":0,"y":0,"length":0},{"x":0,"y":-75,"length":75},{"x":0,"y":-160,"length":160},{"x":0,"y":-240,"length":240},{"x":0,"y":-320,"length":320},{"x":0,"y":-405,"length":405},{"x":0,"y":-495,"length":495},{"x":0,"y":-575,"length":575},{"x":0,"y":-640,"length":640},{"x":0,"y":-710,"length":710},{"x":0,"y":-775,"length":775}],"rotation":0,"width":13},"className":"frg.game.editor.objects::BonesPather"},{"params":{"layer":3,"vertices":[{"x":0,"y":0,"length":0},{"x":20,"y":-19,"length":27.586228448267445},{"x":45,"y":-30,"length":54.08326913195984},{"x":70,"y":-36,"length":78.71467461661771},{"x":99,"y":-33,"length":104.35516278555652},{"x":125,"y":-21,"length":126.75172582651489},{"x":145,"y":-4,"length":145.0551619212498},{"x":159,"y":15,"length":159.70597985047397},{"x":166,"y":38,"length":170.29386365926402},{"x":168,"y":65,"length":180.13605968822566},{"x":165,"y":87,"length":186.53149868051776},{"x":154,"y":111,"length":189.8341381311591},{"x":136,"y":130,"length":188.13824704190267},{"x":115,"y":144,"length":184.28510520386612},{"x":87,"y":152,"length":175.13708916160505},{"x":59,"y":151,"length":162.1172415260018},{"x":30,"y":142,"length":145.13442045221387},{"x":8,"y":125,"length":125.25573839150046},{"x":-6,"y":106,"length":106.16967551989597},{"x":-17,"y":81,"length":82.76472678623425},{"x":-20,"y":55,"length":58.52349955359813},{"x":-14,"y":27,"length":30.4138126514911}],"density":1,"safeId":1,"physic":true,"rem":true,"rotation":0,"plr":true,"line":true,"x":2146,"isStatic":false,"id":-1,"isWheel":false,"ignore":false,"graphic":true,"y":-249},"className":"frg.game.editor.objects::LandscapeShaper"},{"params":{"layer":3,"vertices":[{"x":0,"y":0,"length":0},{"x":20,"y":-19,"length":27.586228448267445},{"x":45,"y":-30,"length":54.08326913195984},{"x":70,"y":-36,"length":78.71467461661771},{"x":99,"y":-33,"length":104.35516278555652},{"x":125,"y":-21,"length":126.75172582651489},{"x":145,"y":-4,"length":145.0551619212498},{"x":159,"y":15,"length":159.70597985047397},{"x":166,"y":38,"length":170.29386365926402},{"x":168,"y":65,"length":180.13605968822566},{"x":165,"y":87,"length":186.53149868051776},{"x":154,"y":111,"length":189.8341381311591},{"x":136,"y":130,"length":188.13824704190267},{"x":115,"y":144,"length":184.28510520386612},{"x":87,"y":152,"length":175.13708916160505},{"x":59,"y":151,"length":162.1172415260018},{"x":30,"y":142,"length":145.13442045221387},{"x":8,"y":125,"length":125.25573839150046},{"x":-6,"y":106,"length":106.16967551989597},{"x":-17,"y":81,"length":82.76472678623425},{"x":-20,"y":55,"length":58.52349955359813},{"x":-14,"y":27,"length":30.4138126514911}],"density":1,"safeId":1,"physic":true,"rem":true,"rotation":0,"plr":true,"line":true,"x":1436,"isStatic":false,"id":-1,"isWheel":false,"ignore":false,"graphic":true,"y":-249},"className":"frg.game.editor.objects::LandscapeShaper"},{"params":{"layer":3,"vertices":[{"x":0,"y":0,"length":0},{"x":20,"y":-19,"length":27.586228448267445},{"x":45,"y":-30,"length":54.08326913195984},{"x":70,"y":-36,"length":78.71467461661771},{"x":99,"y":-33,"length":104.35516278555652},{"x":125,"y":-21,"length":126.75172582651489},{"x":145,"y":-4,"length":145.0551619212498},{"x":159,"y":15,"length":159.70597985047397},{"x":166,"y":38,"length":170.29386365926402},{"x":168,"y":65,"length":180.13605968822566},{"x":165,"y":87,"length":186.53149868051776},{"x":154,"y":111,"length":189.8341381311591},{"x":136,"y":130,"length":188.13824704190267},{"x":115,"y":144,"length":184.28510520386612},{"x":87,"y":152,"length":175.13708916160505},{"x":59,"y":151,"length":162.1172415260018},{"x":30,"y":142,"length":145.13442045221387},{"x":8,"y":125,"length":125.25573839150046},{"x":-6,"y":106,"length":106.16967551989597},{"x":-17,"y":81,"length":82.76472678623425},{"x":-20,"y":55,"length":58.52349955359813},{"x":-14,"y":27,"length":30.4138126514911}],"density":1,"safeId":1,"physic":true,"rem":true,"rotation":0,"plr":true,"line":true,"x":735,"isStatic":false,"id":-1,"isWheel":false,"ignore":false,"graphic":true,"y":-234},"className":"frg.game.editor.objects::LandscapeShaper"}],[{"params":{"height":17.05,"x":1869,"id":-1,"active":true,"safeId":-1,"y":-555,"rotation":-15,"width":85.95},"className":"PlankBone"},{"params":{"height":17.05,"x":1793,"id":-1,"active":true,"safeId":-1,"y":-534,"rotation":-15,"width":85.95},"className":"PlankBone"},{"params":{"height":17.05,"x":1721,"id":-1,"active":true,"safeId":-1,"y":-536,"rotation":15,"width":85.95},"className":"PlankBone"},{"params":{"height":17.05,"x":2104,"id":-1,"active":true,"safeId":-1,"y":-616,"rotation":-15,"width":85.95},"className":"PlankBone"},{"params":{"height":17.05,"x":1490,"id":-1,"active":true,"safeId":-1,"y":-598,"rotation":15,"width":85.95},"className":"PlankBone"},{"params":{"height":17.05,"x":1644,"id":-1,"active":true,"safeId":-1,"y":-557,"rotation":15,"width":85.95},"className":"PlankBone"},{"params":{"height":17.05,"x":2027,"id":-1,"active":true,"safeId":-1,"y":-597,"rotation":-15,"width":85.95},"className":"PlankBone"},{"params":{"height":17.05,"x":1567,"id":-1,"active":true,"safeId":-1,"y":-578,"rotation":15,"width":85.95},"className":"PlankBone"},{"params":{"height":17.05,"x":1949,"id":-1,"active":true,"safeId":-1,"y":-576,"rotation":-15,"width":85.95},"className":"PlankBone"},{"params":{"height":17.05,"x":3203,"id":-1,"active":true,"safeId":-1,"y":-106,"rotation":27,"width":85.95},"className":"PlankBone"},{"params":{"height":17.05,"x":3273,"id":-1,"active":true,"safeId":-1,"y":-69,"rotation":27,"width":85.95},"className":"PlankBone"},{"params":{"height":17.05,"x":3132,"id":-1,"active":true,"safeId":-1,"y":-141,"rotation":27,"width":85.95},"className":"PlankBone"},{"params":{"height":17.05,"x":3345,"id":-1,"active":true,"safeId":-1,"y":-32,"rotation":27,"width":85.95},"className":"PlankBone"},{"params":{"height":17.05,"x":3416,"id":-1,"active":true,"safeId":-1,"y":-30,"rotation":-27,"width":85.95},"className":"PlankBone"},{"params":{"height":17.05,"x":3486,"id":-1,"active":true,"safeId":-1,"y":-67,"rotation":-27,"width":85.95},"className":"PlankBone"},{"params":{"height":17.05,"x":3557,"id":-1,"active":true,"safeId":-1,"y":-102,"rotation":-27,"width":85.95},"className":"PlankBone"},{"params":{"height":17.05,"x":3629,"id":-1,"active":true,"safeId":-1,"y":-138,"rotation":-27,"width":85.95},"className":"PlankBone"},{"params":{"height":17.05,"x":1419,"id":-1,"active":true,"safeId":-1,"y":-616,"rotation":15,"width":85.95},"className":"PlankBone"},{"params":{"height":95.5,"x":1470,"y":344,"rotation":0,"scaleX":1,"scaleY":1,"width":80.2},"className":"Dec24"},{"params":{"height":79.6,"x":1540,"y":354,"rotation":0,"scaleX":-1,"scaleY":1,"width":77.3},"className":"Dec23"},{"params":{"height":128.35,"x":1506,"y":328,"rotation":0,"scaleX":1,"scaleY":1,"width":9.3},"className":"SignPillar"},{"params":{"height":90.05,"x":1510,"y":240,"rotation":0,"width":102},"className":"Sign21"}],[{"params":{"height":18,"x":2781,"y":-187,"rotation":41.00000000000007,"safeId":-1,"ttl":0.5,"width":66},"className":"GlassCrashed1"},{"params":{"height":18,"x":2730,"y":-224,"rotation":31.00000000000007,"safeId":-1,"ttl":0.5,"width":66},"className":"GlassCrashed1"},{"params":{"height":18,"x":2673,"y":-250,"rotation":18.000000000000078,"safeId":-1,"ttl":0.5,"width":66},"className":"GlassCrashed1"},{"params":{"height":18,"x":2612,"y":-263,"rotation":6.00000000000008,"safeId":-1,"ttl":0.5,"width":66},"className":"GlassCrashed1"},{"params":{"height":18,"x":2549,"y":-265,"rotation":-2.9999999999999205,"safeId":-1,"ttl":0.5,"width":66},"className":"GlassCrashed1"},{"params":{"height":18,"x":2488,"y":-256,"rotation":-12.999999999999918,"safeId":-1,"ttl":0.5,"width":66},"className":"GlassCrashed1"},{"params":{"height":18,"x":2430,"y":-236,"rotation":-25.99999999999992,"safeId":-1,"ttl":0.5,"width":66},"className":"GlassCrashed1"},{"params":{"height":18,"x":2378,"y":-204,"rotation":-37.999999999999915,"safeId":-1,"ttl":0.5,"width":66},"className":"GlassCrashed1"},{"params":{"height":18,"x":2339,"y":-167,"rotation":-47.99999999999992,"safeId":-1,"ttl":0.5,"width":66},"className":"GlassCrashed1"},{"params":{"stones":false,"safeId":-1,"physic":true,"impulse":1,"rotation":0,"height":53.2,"x":3654,"id":1,"count":12,"radius":64,"y":359,"width":53.2},"className":"Tnt1"},{"params":{"stones":false,"safeId":-1,"physic":true,"impulse":1,"rotation":0,"height":53.2,"x":3654,"id":1,"count":12,"radius":64,"y":309,"width":53.2},"className":"Tnt1"},{"params":{"stones":false,"safeId":-1,"physic":true,"impulse":1,"rotation":0,"height":53.2,"x":3654,"id":1,"count":12,"radius":64,"y":259,"width":53.2},"className":"Tnt1"},{"params":{"stones":false,"safeId":-1,"physic":true,"impulse":1,"rotation":0,"height":53.2,"x":3604,"id":2,"count":12,"radius":64,"y":359,"width":53.2},"className":"Tnt1"},{"params":{"stones":false,"safeId":-1,"physic":true,"impulse":1,"rotation":0,"height":53.2,"x":3554,"id":3,"count":12,"radius":64,"y":359,"width":53.2},"className":"Tnt1"},{"params":{"stones":false,"safeId":-1,"physic":true,"impulse":1,"rotation":0,"height":53.2,"x":3504,"id":4,"count":12,"radius":64,"y":359,"width":53.2},"className":"Tnt1"},{"params":{"stones":false,"safeId":-1,"physic":true,"impulse":1,"rotation":0,"height":53.2,"x":3454,"id":5,"count":12,"radius":64,"y":359,"width":53.2},"className":"Tnt1"},{"params":{"stones":false,"safeId":-1,"physic":true,"impulse":1,"rotation":0,"height":53.2,"x":3604,"id":3,"count":12,"radius":64,"y":309,"width":53.2},"className":"Tnt1"}],null,[{"params":{"height":32,"x":2570,"y":250,"rotation":0,"width":64},"className":"PlayerWP"}],[{"params":{"height":17,"x":2140,"id":-1,"rotation":-15,"safeId":-1,"graphic":0,"y":-628,"width":17},"className":"PivotJointE"},{"params":{"height":17,"x":1451,"id":-1,"rotation":15,"safeId":-1,"graphic":0,"y":-607,"width":17},"className":"PivotJointE"},{"params":{"height":17,"x":1758,"id":-1,"rotation":-51,"safeId":-1,"graphic":0,"y":-525,"width":17},"className":"PivotJointE"},{"params":{"height":17,"x":1909,"id":-1,"rotation":-15,"safeId":-1,"graphic":0,"y":-566,"width":17},"className":"PivotJointE"},{"params":{"height":17,"x":1528,"id":-1,"rotation":15,"safeId":-1,"graphic":0,"y":-588,"width":17},"className":"PivotJointE"},{"params":{"height":17,"x":1831,"id":-1,"rotation":-15,"safeId":-1,"graphic":0,"y":-545,"width":17},"className":"PivotJointE"},{"params":{"height":17,"x":1684,"id":-1,"rotation":15,"safeId":-1,"graphic":0,"y":-545,"width":17},"className":"PivotJointE"},{"params":{"height":17,"x":1987,"id":-1,"rotation":-15,"safeId":-1,"graphic":0,"y":-586,"width":17},"className":"PivotJointE"},{"params":{"height":17,"x":1607,"id":-1,"rotation":15,"safeId":-1,"graphic":0,"y":-566,"width":17},"className":"PivotJointE"},{"params":{"height":17,"x":2063,"id":-1,"rotation":-15,"safeId":-1,"graphic":0,"y":-606,"width":17},"className":"PivotJointE"},{"params":{"height":17,"x":3239,"id":-1,"rotation":27,"safeId":-1,"graphic":0,"y":-87,"width":17},"className":"PivotJointE"},{"params":{"height":17,"x":3309,"id":-1,"rotation":27,"safeId":-1,"graphic":0,"y":-52,"width":17},"className":"PivotJointE"},{"params":{"height":17,"x":3167,"id":-1,"rotation":27,"safeId":-1,"graphic":0,"y":-124,"width":17},"className":"PivotJointE"},{"params":{"height":17,"x":3097,"id":-1,"rotation":27,"safeId":-1,"graphic":0,"y":-160,"width":17},"className":"PivotJointE"},{"params":{"height":17,"x":3381,"id":-1,"rotation":27,"safeId":-1,"graphic":0,"y":-14,"width":17},"className":"PivotJointE"},{"params":{"height":17,"x":3450,"id":-1,"rotation":-27,"safeId":-1,"graphic":0,"y":-49,"width":17},"className":"PivotJointE"},{"params":{"height":17,"x":3522,"id":-1,"rotation":-27,"safeId":-1,"graphic":0,"y":-85,"width":17},"className":"PivotJointE"},{"params":{"height":17,"x":3592,"id":-1,"rotation":-27,"safeId":-1,"graphic":0,"y":-121,"width":17},"className":"PivotJointE"},{"params":{"height":17,"x":3665,"id":-1,"rotation":-27,"safeId":-1,"graphic":0,"y":-157,"width":17},"className":"PivotJointE"},{"params":{"cycle":0,"accelDist":0,"vertices":[{"x":0,"y":0,"length":0},{"x":128,"y":0,"length":128}],"stopOnEnd":true,"safeId":-1,"speed":1000,"startTime":"0","rotation":0,"body":false,"height":13,"x":3700,"sideWait":0,"id":1,"active":0,"position":0,"snapToGrid":true,"y":-160,"width":141},"className":"frg.game.editor.objects::MoverPather"},{"params":{"height":17,"x":1380,"id":-1,"rotation":15,"safeId":-1,"graphic":0,"y":-624,"width":17},"className":"PivotJointE"},{"params":{"height":87,"hint":-1,"id":1,"rotation":0,"safeId":-1,"x":3630,"off":false,"id_off":-1,"y":-100,"width":331,"sndId":-1},"className":"ToggleE"},{"params":{"height":17,"x":3695,"id":-1,"rotation":-27,"safeId":-1,"graphic":0,"y":-117,"width":17},"className":"PivotJointE"},{"params":{"height":491,"hint":-1,"id":2,"rotation":0,"safeId":-1,"x":3440,"off":false,"id_off":-1,"y":-170,"width":64,"sndId":-1},"className":"ToggleE"},{"params":{"height":831,"hint":-1,"id":3,"rotation":0,"safeId":-1,"x":3390,"off":false,"id_off":-1,"y":-170,"width":64,"sndId":-1},"className":"ToggleE"},{"params":{"height":1014,"hint":-1,"id":4,"rotation":0,"safeId":-1,"x":3340,"off":false,"id_off":-1,"y":-170,"width":64,"sndId":-1},"className":"ToggleE"},{"params":{"height":1052,"hint":-1,"id":5,"rotation":0,"safeId":-1,"x":3290,"off":false,"id_off":-1,"y":-170,"width":64,"sndId":-1},"className":"ToggleE"},{"params":{"safeId":1,"rotation":0,"rate":180,"height":17,"x":2221,"id":5,"useWeld":false,"snd":false,"graphic":1,"time":0,"y":-190,"width":17},"className":"MotorJointE"},{"params":{"safeId":1,"rotation":0,"rate":180,"height":17,"x":1511,"id":5,"useWeld":false,"snd":false,"graphic":1,"time":0,"y":-190,"width":17},"className":"MotorJointE"},{"params":{"safeId":1,"rotation":0,"rate":180,"height":17,"x":810,"id":5,"useWeld":false,"snd":false,"graphic":1,"time":0,"y":-175,"width":17},"className":"MotorJointE"},{"params":{"height":64,"hint":-1,"id":5,"rotation":0,"safeId":-1,"x":2580,"off":false,"id_off":-1,"y":350,"width":407,"sndId":-1},"className":"ToggleE"}]]}