{"settings":{"theme":6,"prizes":"30,37,44","countdown":0,"gravityY":500},"layers":[[{"params":{"wireframe":false,"type":7,"straightSides":true,"snapToGrid":false,"vertices":[{"x":-51,"y":-107,"length":118.53269591129698},{"x":-168,"y":-382,"length":417.31043600657773}],"originOffsetRatio":0,"density":"1","action":0,"physic":true,"shapeH":16,"rotation":45,"stretchTexture":false,"height":288,"x":4125,"isStatic":false,"repeatTexture":true,"id":-1,"width":131.7,"textureOffset":0,"safeId":1,"graphic":true,"smoothing":true,"y":-127,"textureMode":true},"className":"frg.game.editor.objects::DynamicPather"},{"params":{"layer":3,"vertices":[{"x":332,"y":485,"length":587.7490961286117},{"x":387,"y":467,"length":606.5129841973707},{"x":453,"y":515,"length":685.8819140347703},{"x":536,"y":515,"length":743.3175633603715},{"x":566,"y":552,"length":790.6073614633247},{"x":519,"y":561,"length":764.2525760506143},{"x":438,"y":565,"length":714.8909007673828},{"x":361,"y":552,"length":659.5642500924379},{"x":294,"y":530,"length":606.0825026347486},{"x":235,"y":500,"length":552.4717187331855},{"x":200,"y":470,"length":510.7837115648854},{"x":225,"y":450,"length":503.1152949374527}],"density":1,"safeId":1,"physic":true,"rem":true,"rotation":-171,"plr":false,"line":true,"x":4566,"isStatic":false,"id":-1,"isWheel":false,"ignore":false,"graphic":true,"y":63},"className":"frg.game.editor.objects::LandscapeShaper"},{"params":{"type":2,"straightSides":true,"vertices":[{"x":0,"y":0,"length":0},{"x":0,"y":430,"length":430}],"originOffsetRatio":0,"textureMode":true,"stretchTexture":false,"repeatTexture":true,"textureOffset":0,"x":4160,"smoothing":true,"y":-181,"width":13,"height":443,"wireframe":false,"snapToGrid":true,"rotation":0},"className":"frg.game.editor.objects::PillarPather"},{"params":{"type":2,"straightSides":true,"vertices":[{"x":7,"y":9,"length":11.40175425099138},{"x":-1,"y":-9,"length":9.055385138137417},{"x":5,"y":-27,"length":27.459060435491963},{"x":16,"y":-37,"length":40.311288741492746},{"x":28,"y":-42,"length":50.47771785649585},{"x":41,"y":-41,"length":57.982756057296896},{"x":54,"y":-34,"length":63.812224534175265},{"x":62,"y":-22,"length":65.7875368135941},{"x":65,"y":-8,"length":65.49045732013177},{"x":61,"y":5,"length":61.204574992397426},{"x":52,"y":14,"length":53.85164807134504},{"x":40,"y":21,"length":45.17742799230607},{"x":23,"y":21,"length":31.144823004794873},{"x":12,"y":14,"length":18.439088914585774},{"x":5,"y":6,"length":7.810249675906654}],"originOffsetRatio":0,"textureMode":true,"stretchTexture":false,"repeatTexture":true,"textureOffset":0,"x":4128,"smoothing":true,"y":-236,"width":79,"height":76,"wireframe":false,"snapToGrid":false,"rotation":0},"className":"frg.game.editor.objects::PillarPather"},{"params":{"type":2,"straightSides":true,"vertices":[{"x":3,"y":-3,"length":4.242640687119285},{"x":4,"y":-19,"length":19.4164878389476},{"x":8,"y":-33,"length":33.95585369269929},{"x":16,"y":-47,"length":49.64876634922564},{"x":27,"y":-58,"length":63.97655820689325},{"x":40,"y":-66,"length":77.17512552629896},{"x":55,"y":-69,"length":88.23831367382311},{"x":71,"y":-70,"length":99.70456358662827},{"x":87,"y":-66,"length":109.20164833920778},{"x":101,"y":-58,"length":116.46887996370532},{"x":112,"y":-47,"length":121.46192819151193},{"x":120,"y":-33,"length":124.45481107614924},{"x":124,"y":-20,"length":125.60254774486066},{"x":124,"y":-5,"length":124.10076550932311},{"x":122,"y":10,"length":122.40914998479485},{"x":115,"y":24,"length":117.47765745025733},{"x":103,"y":37,"length":109.4440496326776},{"x":93,"y":44,"length":102.88342918079665},{"x":82,"y":49,"length":95.524865872714},{"x":67,"y":52,"length":84.81155581640984},{"x":52,"y":51,"length":72.83543093852057},{"x":40,"y":47,"length":61.71709649683789},{"x":26,"y":39,"length":46.87216658103186},{"x":14,"y":28,"length":31.304951684997057},{"x":6,"y":13,"length":14.317821063276353},{"x":3,"y":-8,"length":8.54400374531753}],"originOffsetRatio":0,"textureMode":true,"stretchTexture":false,"repeatTexture":true,"textureOffset":0,"x":4097,"smoothing":true,"y":-237,"width":134,"height":135,"wireframe":false,"snapToGrid":false,"rotation":0},"className":"frg.game.editor.objects::PillarPather"},{"params":{"type":0,"straightSides":true,"vertices":[{"x":0,"y":0,"length":0},{"x":-155,"y":-225,"length":273.22152184628504}],"originOffsetRatio":0,"textureMode":true,"stretchTexture":false,"repeatTexture":true,"textureOffset":0,"x":8660,"smoothing":true,"y":1170,"width":168,"height":238,"wireframe":false,"snapToGrid":true,"rotation":0},"className":"frg.game.editor.objects::PillarPather"},{"params":{"height":128,"x":9970,"y":-770,"rotation":0,"width":1421},"className":"FinishZone"},{"params":{"sf":true,"bg":true,"x":7970,"vertices":[{"x":0,"y":0,"length":0},{"x":1530,"y":0,"length":1530},{"x":1530,"y":240,"length":1548.7091398968369},{"x":0,"y":240,"length":240}],"id":-1,"density":1.5,"viscosity":1.5,"y":960,"rotation":0},"className":"frg.game.editor.objects::WaterShaper"},{"params":{"sf":true,"bg":true,"x":6230,"vertices":[{"x":0,"y":0,"length":0},{"x":700,"y":0,"length":700},{"x":700,"y":240,"length":740},{"x":0,"y":240,"length":240}],"id":-1,"density":1.5,"viscosity":1.5,"y":950,"rotation":0},"className":"frg.game.editor.objects::WaterShaper"},{"params":{"wireframe":false,"type":7,"straightSides":true,"snapToGrid":false,"vertices":[{"x":0,"y":0,"length":0},{"x":323,"y":94,"length":336.40005945302687},{"x":594,"y":64,"length":597.4378628778059}],"originOffsetRatio":0,"density":"1","action":0,"physic":true,"shapeH":16,"rotation":0,"stretchTexture":false,"height":109.85,"x":850,"isStatic":true,"repeatTexture":true,"id":-1,"width":607,"textureOffset":0,"safeId":-1,"graphic":true,"smoothing":true,"y":-130,"textureMode":true},"className":"frg.game.editor.objects::DynamicPather"},{"params":{"layer":2,"vertices":[{"x":-60,"y":-1983,"length":1983.9075079247016},{"x":550,"y":-1940,"length":2016.457289406349},{"x":525,"y":-758,"length":922.0569396734672},{"x":487,"y":-696,"length":849.4615941877537},{"x":464,"y":-627,"length":780.0160254764},{"x":463,"y":-562,"length":728.1572632337056},{"x":477,"y":-493,"length":685.9868803410164},{"x":511,"y":-438,"length":673.0267453823808},{"x":562,"y":-388,"length":682.926057490853},{"x":617,"y":-355,"length":711.8384648219004},{"x":675,"y":-337,"length":754.4494681554226},{"x":763,"y":-332,"length":832.1015563018735},{"x":845,"y":-340,"length":910.8375266753121},{"x":941,"y":-365,"length":1009.3096650681593},{"x":917,"y":-311,"length":968.3026386414529},{"x":822,"y":-298,"length":874.3500443186356},{"x":775,"y":-280,"length":824.0297324732888},{"x":725,"y":-240,"length":763.6916917185888},{"x":690,"y":-200,"length":718.4010022264724},{"x":665,"y":-145,"length":680.6247130394253},{"x":655,"y":-90,"length":661.1542936410532},{"x":665,"y":-40,"length":666.2019213421709},{"x":680,"y":0,"length":680},{"x":870,"y":0,"length":870},{"x":885,"y":40,"length":885.9034936154163},{"x":890,"y":95,"length":895.0558641783205},{"x":883,"y":164,"length":898.1007738555846},{"x":898,"y":228,"length":926.492309736028},{"x":920,"y":275,"length":960.2213286529309},{"x":957,"y":322,"length":1009.7192679155925},{"x":1000,"y":364,"length":1064.1879533240358},{"x":1048,"y":402,"length":1122.4562352270132},{"x":1104,"y":432,"length":1185.512547381933},{"x":1170,"y":455,"length":1255.3585145288178},{"x":1242,"y":457,"length":1323.4096115715647},{"x":1311,"y":452,"length":1386.731769305081},{"x":1387,"y":431,"length":1452.422114951435},{"x":1449,"y":395,"length":1501.8741625049684},{"x":1486,"y":363,"length":1529.6944139271739},{"x":1526,"y":320,"length":1559.1908157759267},{"x":1561,"y":269,"length":1584.008207049446},{"x":1582,"y":213,"length":1596.274725728626},{"x":1598,"y":145,"length":1604.5650500992474},{"x":1600,"y":80,"length":1601.9987515600628},{"x":1586,"y":6,"length":1586.011349265824},{"x":1553,"y":-75,"length":1554.8099562325938},{"x":1514,"y":-145,"length":1520.927677439003},{"x":1454,"y":-263,"length":1477.5943286301556},{"x":1459,"y":-313,"length":1492.1963677746974},{"x":1484,"y":-353,"length":1525.4065031984098},{"x":1519,"y":-368,"length":1562.9411377272017},{"x":1569,"y":-368,"length":1611.5784188180232},{"x":1609,"y":-353,"length":1647.2674342680366},{"x":1644,"y":-318,"length":1674.4730514403627},{"x":1714,"y":-288,"length":1738.0276177322385},{"x":1845,"y":-274,"length":1865.2348377617227},{"x":1986,"y":-275,"length":2004.9491265366312},{"x":2160,"y":-290,"length":2179.380645963435},{"x":2270,"y":-295,"length":2289.088246442238},{"x":2350,"y":-290,"length":2367.8260071213003},{"x":2480,"y":-270,"length":2494.6542846655125},{"x":2625,"y":-220,"length":2634.2029154945526},{"x":2760,"y":-140,"length":2763.5484435775684},{"x":2892,"y":-64,"length":2892.708073760641},{"x":3772,"y":405,"length":3793.6801393897194},{"x":3822,"y":409,"length":3843.821665998567},{"x":3879,"y":408,"length":3900.3980566090945},{"x":3931,"y":397,"length":3950.9960769405984},{"x":3978,"y":378,"length":3995.9189180963117},{"x":4023,"y":350,"length":4038.19625575578},{"x":4063,"y":315,"length":4075.1925107901343},{"x":4095,"y":274,"length":4104.156551594981},{"x":4119,"y":228,"length":4125.305443236901},{"x":4139,"y":181,"length":4142.955708187091},{"x":4151,"y":113,"length":4152.537778274871},{"x":4160,"y":50,"length":4160.300469918008},{"x":4175,"y":35,"length":4175.146704009333},{"x":4205,"y":35,"length":4205.145657405936},{"x":4232,"y":58,"length":4232.397429353723},{"x":4885,"y":795,"length":4949.267622588215},{"x":4950,"y":850,"length":5022.449601539073},{"x":5011,"y":890,"length":5089.422462323206},{"x":5076,"y":916,"length":5157.987204326897},{"x":5150,"y":930,"length":5233.297239790609},{"x":5805,"y":930,"length":5879.02415371803},{"x":5860,"y":925,"length":5932.556362985521},{"x":5915,"y":909,"length":5984.4386537084665},{"x":5971,"y":886,"length":6036.376147988129},{"x":6026,"y":850,"length":6085.65329278624},{"x":6074,"y":806,"length":6127.243425880843},{"x":6112,"y":765,"length":6159.689034358797},{"x":6137,"y":728,"length":6180.028559804558},{"x":6266,"y":728,"length":6308.148698310781},{"x":6305,"y":766,"length":6351.360562903038},{"x":6350,"y":812,"length":6401.706335032872},{"x":6391,"y":850,"length":6447.27702212337},{"x":6438,"y":885,"length":6498.543606070517},{"x":6492,"y":912,"length":6555.746181785869},{"x":6568,"y":935,"length":6634.218039829562},{"x":6637,"y":938,"length":6702.955542147061},{"x":6684,"y":933,"length":6748.803227239627},{"x":6732,"y":920,"length":6794.57312860786},{"x":6785,"y":902,"length":6844.693492041846},{"x":6833,"y":871,"length":6888.289337709327},{"x":6876,"y":837,"length":6926.75573410814},{"x":6915,"y":799,"length":6961.007542015739},{"x":6961,"y":733,"length":6999.48640973036},{"x":7120,"y":735,"length":7157.836614508605},{"x":7310,"y":871,"length":7361.707750243825},{"x":7344,"y":893,"length":7398.093335447992},{"x":7390,"y":915,"length":7446.430352860356},{"x":7441,"y":929,"length":7498.768032150348},{"x":7494,"y":937,"length":7552.35095847644},{"x":7552,"y":935,"length":7609.660242087028},{"x":7610,"y":928,"length":7666.373588601067},{"x":7663,"y":909,"length":7716.7253417495685},{"x":7715,"y":885,"length":7765.593988871682},{"x":7758,"y":850,"length":7804.42592379478},{"x":7795,"y":812,"length":7837.178637749685},{"x":7827,"y":776,"length":7865.373799127414},{"x":7852,"y":727,"length":7885.583871851215},{"x":8022,"y":729,"length":8055.055865728058},{"x":8050,"y":775,"length":8087.219856044474},{"x":8080,"y":810,"length":8120.498753155498},{"x":8123,"y":852,"length":8167.559794700006},{"x":8168,"y":887,"length":8216.02050873779},{"x":8217,"y":909,"length":8267.125860902324},{"x":8272,"y":928,"length":8323.891397657708},{"x":8340,"y":932,"length":8391.914203565238},{"x":9192,"y":932,"length":9239.128097391009},{"x":9248,"y":927,"length":9294.344140389896},{"x":9302,"y":905,"length":9345.920446911583},{"x":9364,"y":869,"length":9404.23611996211},{"x":9415,"y":826,"length":9451.164002386162},{"x":9460,"y":768,"length":9491.123431923115},{"x":9489,"y":715,"length":9515.899642177821},{"x":9511,"y":640,"length":9532.508641485723},{"x":9518,"y":573,"length":9535.232194341153},{"x":9515,"y":-257,"length":9518.470150186951},{"x":9647,"y":-256,"length":9650.39610586011},{"x":9647,"y":-149,"length":9648.15059998547},{"x":10673,"y":-154,"length":10674.110970005886},{"x":10678,"y":-1041,"length":10728.623630270567},{"x":9332,"y":-1043,"length":9390.10505798524},{"x":9331,"y":-814,"length":9366.437796729342},{"x":8245,"y":-815,"length":8285.182556829994},{"x":8260,"y":-1912,"length":8478.404566898185},{"x":12292,"y":-2016,"length":12456.224146987723},{"x":14070,"y":1350,"length":14134.617080062693},{"x":10926,"y":1542,"length":11034.27568986746},{"x":8830,"y":2610,"length":9207.659854707927},{"x":5424,"y":1920,"length":5753.796659597904},{"x":-85,"y":985,"length":988.6607102540285}],"density":1,"safeId":-1,"physic":true,"rem":true,"rotation":0,"plr":false,"line":true,"x":-30,"isStatic":true,"id":-1,"isWheel":false,"ignore":false,"graphic":true,"y":210},"className":"frg.game.editor.objects::LandscapeShaper"},{"params":{"wireframe":false,"vertices":[{"x":0,"y":0,"length":0},{"x":1320,"y":305,"length":1354.778579694852},{"x":1575,"y":245,"length":1593.9416551429981},{"x":1900,"y":-315,"length":1925.9348379423432},{"x":2570,"y":-340,"length":2592.3927171630457},{"x":3860,"y":270,"length":3869.431482789171},{"x":4405,"y":270,"length":4413.266930517573},{"x":5080,"y":765,"length":5137.277975737735},{"x":8120,"y":780,"length":8157.377029413315},{"x":11355,"y":-455,"length":11364.112371848494}],"lineId":-1,"physic":false,"directed":false,"width":11373.6,"shape":false,"height":1296.95,"isRoad":false,"rotation":0,"textureMode":true,"straightSides":true,"originOffsetRatio":0,"cameraOffsetY":100,"stretchTexture":false,"thick":128,"repeatTexture":true,"line":false,"x":-110,"smoothing":true,"y":380,"direction":90,"textureOffset":0,"camera":true,"snapToGrid":true},"className":"frg.game.editor.objects::GroundPather"},{"params":{"wireframe":false,"type":7,"straightSides":true,"snapToGrid":false,"vertices":[{"x":0,"y":0,"length":0},{"x":-168,"y":-382,"length":417.31043600657773}],"originOffsetRatio":0,"density":"1","action":0,"physic":true,"shapeH":16,"rotation":0,"stretchTexture":false,"height":395,"x":4155,"isStatic":false,"repeatTexture":true,"id":-1,"width":182.6,"textureOffset":0,"safeId":1,"graphic":true,"smoothing":true,"y":-241,"textureMode":true},"className":"frg.game.editor.objects::DynamicPather"},{"params":{"layer":3,"vertices":[{"x":332,"y":485,"length":587.7490961286117},{"x":387,"y":467,"length":606.5129841973707},{"x":453,"y":515,"length":685.8819140347703},{"x":536,"y":515,"length":743.3175633603715},{"x":566,"y":552,"length":790.6073614633247},{"x":519,"y":561,"length":764.2525760506143},{"x":438,"y":565,"length":714.8909007673828},{"x":361,"y":552,"length":659.5642500924379},{"x":294,"y":530,"length":606.0825026347486},{"x":235,"y":500,"length":552.4717187331855},{"x":189,"y":465,"length":501.9422277513618},{"x":217,"y":442,"length":492.3951665075521}],"density":1,"safeId":1,"physic":true,"rem":true,"rotation":144,"plr":false,"line":true,"x":4601,"isStatic":false,"id":-1,"isWheel":false,"ignore":false,"graphic":true,"y":-418},"className":"frg.game.editor.objects::LandscapeShaper"},{"params":{"wireframe":false,"type":7,"straightSides":true,"snapToGrid":false,"vertices":[{"x":0,"y":0,"length":0},{"x":264,"y":307,"length":404.90122252223443}],"originOffsetRatio":0,"density":"1","action":0,"physic":true,"shapeH":16,"rotation":0,"stretchTexture":false,"height":320,"x":1170,"isStatic":false,"repeatTexture":true,"id":-1,"width":277,"textureOffset":0,"safeId":-1,"graphic":true,"smoothing":true,"y":-40,"textureMode":true},"className":"frg.game.editor.objects::DynamicPather"},{"params":{"layer":3,"vertices":[{"x":-10,"y":23,"length":25.079872407968907},{"x":18,"y":-7,"length":19.313207915827967},{"x":59,"y":-24,"length":63.694583757176716},{"x":100,"y":-24,"length":102.83968105745953},{"x":130,"y":-11,"length":130.4645545732633},{"x":153,"y":5,"length":153.08167754502824},{"x":170,"y":33,"length":173.1733235807409},{"x":178,"y":60,"length":187.84035775093702},{"x":177,"y":100,"length":203.2953516438583},{"x":161,"y":137,"length":211.4000946073582},{"x":131,"y":164,"length":209.89759407863636},{"x":92,"y":179,"length":201.25854019146615},{"x":51,"y":175,"length":182.28000438885226},{"x":9,"y":153,"length":153.26447729333762},{"x":-17,"y":114,"length":115.26057435220423},{"x":-24,"y":70,"length":74}],"density":1,"safeId":1,"physic":true,"rem":true,"rotation":0,"plr":false,"line":true,"x":1394,"isStatic":false,"id":-1,"isWheel":false,"ignore":false,"graphic":true,"y":246},"className":"frg.game.editor.objects::LandscapeShaper"},{"params":{"wireframe":false,"type":0,"straightSides":true,"snapToGrid":true,"vertices":[{"x":0,"y":0,"length":0},{"x":1015,"y":0,"length":1015}],"originOffsetRatio":0,"density":"1","action":0,"physic":true,"shapeH":20,"rotation":0,"stretchTexture":false,"height":20,"x":9620,"isStatic":false,"repeatTexture":true,"id":-1,"width":1028,"textureOffset":0,"safeId":2,"graphic":true,"smoothing":true,"y":-30,"textureMode":true},"className":"frg.game.editor.objects::DynamicPather"}],[{"params":{"height":17.05,"x":8732,"id":-1,"active":true,"safeId":2,"y":726,"rotation":-45,"width":85.95},"className":"PlankBone"},{"params":{"height":17.05,"x":8781,"id":-1,"active":true,"safeId":2,"y":677,"rotation":-45,"width":85.95},"className":"PlankBone"},{"params":{"height":17.05,"x":8929,"id":-1,"active":true,"safeId":2,"y":528,"rotation":-45,"width":85.95},"className":"PlankBone"},{"params":{"height":17.05,"x":8831,"id":-1,"active":true,"safeId":2,"y":628,"rotation":-45,"width":85.95},"className":"PlankBone"},{"params":{"height":17.05,"x":9078,"id":-1,"active":true,"safeId":2,"y":379,"rotation":-45,"width":85.95},"className":"PlankBone"},{"params":{"height":17.05,"x":8534,"id":-1,"active":true,"safeId":2,"y":923,"rotation":-45,"width":85.95},"className":"PlankBone"},{"params":{"height":17.05,"x":8683,"id":-1,"active":true,"safeId":2,"y":777,"rotation":-45,"width":85.95},"className":"PlankBone"},{"params":{"height":17.05,"x":8979,"id":-1,"active":true,"safeId":2,"y":479,"rotation":-45,"width":85.95},"className":"PlankBone"},{"params":{"height":17.05,"x":9028,"id":-1,"active":true,"safeId":2,"y":429,"rotation":-45,"width":85.95},"className":"PlankBone"},{"params":{"height":17.05,"x":8583,"id":-1,"active":true,"safeId":2,"y":875,"rotation":-45,"width":85.95},"className":"PlankBone"},{"params":{"height":17.05,"x":8879,"id":-1,"active":true,"safeId":2,"y":578,"rotation":-45,"width":85.95},"className":"PlankBone"},{"params":{"height":17.05,"x":8633,"id":-1,"active":true,"safeId":2,"y":824,"rotation":-45,"width":85.95},"className":"PlankBone"},{"params":{"height":17.05,"x":9474,"id":-1,"active":true,"safeId":2,"y":-15,"rotation":-45,"width":85.95},"className":"PlankBone"},{"params":{"height":17.05,"x":9325,"id":-1,"active":true,"safeId":2,"y":133,"rotation":-45,"width":85.95},"className":"PlankBone"},{"params":{"height":17.05,"x":9275,"id":-1,"active":true,"safeId":2,"y":184,"rotation":-45,"width":85.95},"className":"PlankBone"},{"params":{"height":17.05,"x":9375,"id":-1,"active":true,"safeId":2,"y":85,"rotation":-45,"width":85.95},"className":"PlankBone"},{"params":{"height":17.05,"x":9424,"id":-1,"active":true,"safeId":2,"y":34,"rotation":-45,"width":85.95},"className":"PlankBone"},{"params":{"height":17.05,"x":9177,"id":-1,"active":true,"safeId":2,"y":282,"rotation":-45,"width":85.95},"className":"PlankBone"},{"params":{"height":17.05,"x":9226,"id":-1,"active":true,"safeId":2,"y":231,"rotation":-45,"width":85.95},"className":"PlankBone"},{"params":{"height":17.05,"x":9127,"id":-1,"active":true,"safeId":2,"y":331,"rotation":-45,"width":85.95},"className":"PlankBone"},{"params":{"height":128.35,"x":1880,"y":-130,"rotation":0,"scaleX":1,"scaleY":1,"width":9.3},"className":"SignPillar"},{"params":{"height":128.35,"x":5110,"y":1077,"rotation":0,"scaleX":1,"scaleY":1,"width":9.3},"className":"SignPillar"},{"params":{"height":95.5,"x":850,"y":180,"rotation":15,"scaleX":1,"scaleY":1,"width":80.2},"className":"Dec24"},{"params":{"height":128.35,"x":890,"y":180,"rotation":30,"scaleX":1,"scaleY":1,"width":9.3},"className":"SignPillar"},{"params":{"height":90.05,"x":930,"y":110,"rotation":30,"width":102},"className":"Sign21"},{"params":{"height":79.6,"x":1850,"y":-100,"rotation":0,"scaleX":1,"scaleY":1,"width":77.3},"className":"Dec23"},{"params":{"height":95.5,"x":3839,"y":571,"rotation":0,"scaleX":1,"scaleY":1,"width":80.2},"className":"Dec24"},{"params":{"height":128.35,"x":3873,"y":545,"rotation":0,"scaleX":1,"scaleY":1,"width":9.3},"className":"SignPillar"},{"params":{"height":90.05,"x":3873,"y":471,"rotation":0,"width":102},"className":"Sign21"},{"params":{"height":79.6,"x":5120,"y":1540,"rotation":0,"scaleX":1,"scaleY":1,"width":77.3},"className":"Dec23"},{"params":{"height":79.6,"x":5143,"y":1099,"rotation":0,"scaleX":-1,"scaleY":1,"width":77.3},"className":"Dec23"}],[{"params":{"stones":false,"safeId":2,"physic":true,"impulse":3000,"rotation":0,"height":53.2,"x":9650,"id":17,"count":40,"radius":64,"y":30,"width":53.2},"className":"Tnt1"},{"params":{"stones":false,"safeId":2,"physic":true,"impulse":3000,"rotation":0,"height":53.2,"x":10610,"id":17,"count":40,"radius":64,"y":30,"width":53.2},"className":"Tnt1"}],null,[{"params":{"height":32,"x":750,"y":120,"rotation":0,"width":64},"className":"PlayerWP"},{"params":{"height":1381,"x":1880,"y":-200,"width":128,"id":1,"rotation":0},"className":"SafePointE"},{"params":{"height":2205,"x":5110,"y":1010,"width":128,"id":2,"rotation":0},"className":"SafePointE"}],[{"params":{"safeId":1,"rotation":144,"rate":-65,"height":17,"x":4150,"id":1,"useWeld":false,"snd":false,"graphic":0,"time":0,"y":-250,"width":17},"className":"MotorJointE"},{"params":{"height":17,"x":4008,"id":-1,"rotation":144,"safeId":1,"graphic":0,"y":-579,"width":17},"className":"PivotJointE"},{"params":{"height":17,"x":3999,"id":-1,"rotation":144,"safeId":1,"graphic":0,"y":-598,"width":17},"className":"PivotJointE"},{"params":{"safeId":1,"rotation":-171,"rate":65,"height":17,"x":4168,"id":1,"useWeld":false,"snd":false,"graphic":0,"time":0,"y":-247,"width":17},"className":"MotorJointE"},{"params":{"height":17,"x":4260,"id":-1,"rotation":-171,"safeId":1,"graphic":0,"y":-470,"width":17},"className":"PivotJointE"},{"params":{"height":17,"x":4268,"id":-1,"rotation":-171,"safeId":1,"graphic":0,"y":-492,"width":17},"className":"PivotJointE"},{"params":{"height":1606,"hint":-1,"id":1,"rotation":0,"safeId":1,"x":3690,"off":false,"id_off":-1,"y":110,"width":64,"sndId":-1},"className":"ToggleE"},{"params":{"height":17,"x":1173,"id":-1,"rotation":0,"safeId":-1,"graphic":0,"y":-36,"width":17},"className":"PivotJointE"},{"params":{"height":17,"x":1423,"id":-1,"rotation":0,"safeId":-1,"graphic":0,"y":254,"width":17},"className":"PivotJointE"},{"params":{"height":17,"x":1533,"id":7,"rotation":0,"safeId":-1,"graphic":0,"y":384,"width":17},"className":"PivotJointE"},{"params":{"height":64,"hint":-1,"id":7,"rotation":0,"safeId":-1,"x":720,"off":false,"id_off":-1,"y":210,"width":240,"sndId":-1},"className":"ToggleE"},{"params":{"height":17,"x":9104,"id":-1,"rotation":-45,"safeId":2,"graphic":0,"y":354,"width":17},"className":"PivotJointE"},{"params":{"height":17,"x":8856,"id":-1,"rotation":-45,"safeId":2,"graphic":0,"y":602,"width":17},"className":"PivotJointE"},{"params":{"height":17,"x":9054,"id":-1,"rotation":-45,"safeId":2,"graphic":0,"y":403,"width":17},"className":"PivotJointE"},{"params":{"height":17,"x":8808,"id":-1,"rotation":-45,"safeId":2,"graphic":0,"y":651,"width":17},"className":"PivotJointE"},{"params":{"height":17,"x":8560,"id":-1,"rotation":-45,"safeId":2,"graphic":0,"y":897,"width":17},"className":"PivotJointE"},{"params":{"height":17,"x":8511,"id":-1,"rotation":-45,"safeId":2,"graphic":0,"y":948,"width":17},"className":"PivotJointE"},{"params":{"height":17,"x":9006,"id":-1,"rotation":-45,"safeId":2,"graphic":0,"y":453,"width":17},"className":"PivotJointE"},{"params":{"height":17,"x":8610,"id":-1,"rotation":-45,"safeId":2,"graphic":0,"y":849,"width":17},"className":"PivotJointE"},{"params":{"height":17,"x":8708,"id":-1,"rotation":-45,"safeId":2,"graphic":0,"y":749,"width":17},"className":"PivotJointE"},{"params":{"height":17,"x":8956,"id":-1,"rotation":-45,"safeId":2,"graphic":0,"y":502,"width":17},"className":"PivotJointE"},{"params":{"height":17,"x":8906,"id":-1,"rotation":-45,"safeId":2,"graphic":0,"y":552,"width":17},"className":"PivotJointE"},{"params":{"height":17,"x":8659,"id":-1,"rotation":-45,"safeId":2,"graphic":0,"y":798,"width":17},"className":"PivotJointE"},{"params":{"height":17,"x":8757,"id":-1,"rotation":-45,"safeId":2,"graphic":0,"y":701,"width":17},"className":"PivotJointE"},{"params":{"height":17,"x":9450,"id":-1,"rotation":-45,"safeId":2,"graphic":0,"y":9,"width":17},"className":"PivotJointE"},{"params":{"height":17,"x":9401,"id":-1,"rotation":-45,"safeId":2,"graphic":0,"y":58,"width":17},"className":"PivotJointE"},{"params":{"height":17,"x":9303,"id":-1,"rotation":-45,"safeId":2,"graphic":0,"y":157,"width":17},"className":"PivotJointE"},{"params":{"height":17,"x":9202,"id":-1,"rotation":-45,"safeId":2,"graphic":0,"y":256,"width":17},"className":"PivotJointE"},{"params":{"height":17,"x":9351,"id":-1,"rotation":-45,"safeId":2,"graphic":0,"y":107,"width":17},"className":"PivotJointE"},{"params":{"height":17,"x":9500,"id":-1,"rotation":-45,"safeId":2,"graphic":0,"y":-41,"width":17},"className":"PivotJointE"},{"params":{"height":17,"x":9153,"id":-1,"rotation":-45,"safeId":2,"graphic":0,"y":305,"width":17},"className":"PivotJointE"},{"params":{"height":17,"x":9252,"id":-1,"rotation":-45,"safeId":2,"graphic":0,"y":205,"width":17},"className":"PivotJointE"},{"params":{"height":232,"hint":-1,"id":17,"rotation":0,"safeId":2,"x":10460,"off":false,"id_off":-1,"y":-130,"width":901,"sndId":-1},"className":"ToggleE"},{"params":{"height":17,"x":4097,"id":1,"rotation":0,"safeId":1,"graphic":0,"y":-643,"width":17},"className":"PivotJointE"},{"params":{"height":17,"x":4165,"id":1,"rotation":0,"safeId":1,"graphic":0,"y":-533,"width":17},"className":"PivotJointE"}]]}