{"settings":{"theme":6,"prizes":"32,40,49","countdown":0,"gravityY":500},"layers":[[{"params":{"layer":0,"vertices":[{"x":0,"y":0,"length":0},{"x":660,"y":0,"length":660},{"x":620,"y":45,"length":621.6309194369276},{"x":30,"y":45,"length":54.08326913195984}],"density":1,"safeId":1,"physic":true,"rem":true,"rotation":0,"plr":false,"line":true,"x":4180,"isStatic":false,"id":-1,"isWheel":false,"ignore":false,"graphic":true,"y":-140},"className":"frg.game.editor.objects::LandscapeShaper"},{"params":{"layer":0,"vertices":[{"x":-180,"y":0,"length":180},{"x":420,"y":0,"length":420},{"x":420,"y":45,"length":422.4038352098617},{"x":-180,"y":45,"length":185.53975315279473}],"density":1,"safeId":-1,"physic":true,"rem":true,"rotation":0,"plr":false,"line":true,"x":3698,"isStatic":true,"id":-1,"isWheel":false,"ignore":false,"graphic":true,"y":-141},"className":"frg.game.editor.objects::LandscapeShaper"},{"params":{"layer":0,"vertices":[{"x":0,"y":0,"length":0},{"x":25,"y":0,"length":25},{"x":65,"y":20,"length":68.00735254367721},{"x":65,"y":50,"length":82.00609733428362},{"x":0,"y":50,"length":50}],"density":1,"safeId":-1,"physic":true,"rem":true,"rotation":0,"plr":false,"line":true,"x":4196,"isStatic":true,"id":-1,"isWheel":false,"ignore":false,"graphic":true,"y":122},"className":"frg.game.editor.objects::LandscapeShaper"},{"params":{"layer":0,"vertices":[{"x":0,"y":0,"length":0},{"x":535,"y":0,"length":535},{"x":455,"y":45,"length":457.21985958617324},{"x":50,"y":45,"length":67.26812023536856}],"density":1,"safeId":1,"physic":true,"rem":true,"rotation":0,"plr":false,"line":true,"x":3599,"isStatic":false,"id":-1,"isWheel":false,"ignore":false,"graphic":true,"y":122},"className":"frg.game.editor.objects::LandscapeShaper"},{"params":{"wireframe":false,"vertices":[{"x":-2925,"y":0,"length":2925},{"x":1180,"y":0,"length":1180},{"x":1345,"y":125,"length":1350.7960615873885},{"x":1381,"y":142,"length":1388.2813115503643},{"x":1420,"y":152,"length":1428.1120404225994},{"x":1462,"y":156,"length":1470.2992892605232},{"x":1508,"y":151,"length":1515.5411574747814},{"x":1550,"y":137,"length":1556.0427372022916},{"x":1585,"y":120,"length":1589.5360958468355},{"x":2002,"y":-165,"length":2008.787943014394},{"x":2056,"y":-198,"length":2065.5120430537313},{"x":2120,"y":-228,"length":2132.225128826691},{"x":2187,"y":-245,"length":2200.6803493465377},{"x":2263,"y":-254,"length":2277.209915664342},{"x":2343,"y":-251,"length":2356.4061619338886},{"x":2429,"y":-233,"length":2440.1495855787202},{"x":2529,"y":-184,"length":2535.6847201495693},{"x":2825,"y":-45,"length":2825.3583843470196},{"x":2950,"y":10,"length":2950.0169491038523},{"x":3065,"y":35,"length":3065.1998303536425},{"x":3180,"y":40,"length":3180.2515623767877},{"x":7635,"y":45,"length":7635.132611814938}],"lineId":0,"physic":true,"directed":true,"width":10573,"shape":true,"height":474.2,"isRoad":true,"rotation":0,"textureMode":true,"straightSides":true,"originOffsetRatio":0,"cameraOffsetY":100,"stretchTexture":false,"thick":128,"repeatTexture":true,"line":true,"x":2900,"smoothing":true,"y":370,"direction":90,"textureOffset":0,"camera":true,"snapToGrid":true},"className":"frg.game.editor.objects::GroundPather"},{"params":{"layer":0,"vertices":[{"x":135,"y":10,"length":135.36986370680884},{"x":775,"y":5,"length":775.0161288644256},{"x":680,"y":40,"length":681.1754546370561},{"x":220,"y":40,"length":223.60679774997897}],"density":1,"safeId":-1,"physic":true,"rem":true,"rotation":-20.000000000000007,"plr":false,"line":true,"x":1042,"isStatic":false,"id":-1,"isWheel":false,"ignore":false,"graphic":true,"y":260},"className":"frg.game.editor.objects::LandscapeShaper"},{"params":{"height":522,"x":1712,"directed":false,"isPillar":false,"y":94,"thick":16,"direction":90,"snapToGrid":true,"vertices":[{"x":60,"y":275,"length":281.4693589007514},{"x":30,"y":235,"length":236.90715480964266},{"x":0,"y":185,"length":185},{"x":-15,"y":130,"length":130.86252328302402},{"x":-15,"y":60,"length":61.84658438426491},{"x":0,"y":0,"length":0},{"x":25,"y":-45,"length":51.478150704935004},{"x":65,"y":-88,"length":109.40292500660117},{"x":110,"y":-120,"length":162.78820596099706},{"x":159,"y":-141,"length":212.51352898109803},{"x":215,"y":-149,"length":261.5836386320826},{"x":265,"y":-148,"length":303.52759347380595},{"x":312,"y":-136,"length":340.3527581789224},{"x":354,"y":-117,"length":372.83374310810444},{"x":394,"y":-88,"length":403.7078151336682},{"x":429,"y":-52,"length":432.1400236034612},{"x":456,"y":-15,"length":456.2466438232724},{"x":480,"y":32,"length":481.06548410793306},{"x":506,"y":75,"length":511.5281028447997},{"x":540,"y":115,"length":552.1095905705678},{"x":584,"y":156,"length":604.4766331298506},{"x":637,"y":193,"length":665.5959735455135},{"x":687,"y":225,"length":722.9066329755178},{"x":736,"y":248,"length":776.659513557904},{"x":820,"y":270,"length":863.3075929238663},{"x":895,"y":279,"length":937.4785330875583},{"x":977,"y":276,"length":1015.2364256664553},{"x":1036,"y":264,"length":1069.1080394422258},{"x":1097,"y":244,"length":1123.8082576667605},{"x":1160,"y":212,"length":1179.2132970756393},{"x":1229,"y":160,"length":1239.371211542369},{"x":1292,"y":103,"length":1296.0991474420466},{"x":1344,"y":33,"length":1344.4050728854008},{"x":1381,"y":-40,"length":1381.579168922288},{"x":1405,"y":-130,"length":1411.0014174337316},{"x":1430,"y":-170,"length":1440.0694427700353},{"x":1465,"y":-200,"length":1478.5888542796472},{"x":1515,"y":-220,"length":1530.8902638660943},{"x":1585,"y":-230,"length":1601.6007617380806},{"x":1665,"y":-230,"length":1680.8108162431606},{"x":1745,"y":-230,"length":1760.0923271237791},{"x":1810,"y":-230,"length":1824.5547402037573}],"rotation":0,"width":1838},"className":"frg.game.editor.objects::BonesPather"},{"params":{"wireframe":false,"type":5,"straightSides":true,"snapToGrid":false,"vertices":[{"x":25,"y":-34,"length":42.20189569201838},{"x":25,"y":206,"length":207.51144546747295},{"x":46,"y":269,"length":272.90474528670256},{"x":93,"y":316,"length":329.40097146183405},{"x":486,"y":468,"length":674.6999333036872}],"originOffsetRatio":0,"density":"1","action":0,"physic":true,"shapeH":64,"rotation":0,"stretchTexture":false,"height":538.35,"x":3490,"isStatic":true,"repeatTexture":true,"id":-1,"width":504.55,"textureOffset":0,"safeId":-1,"graphic":true,"smoothing":true,"y":-100,"textureMode":true},"className":"frg.game.editor.objects::DynamicPather"},{"params":{"height":477,"x":4973,"directed":false,"isPillar":false,"y":-230,"thick":16,"direction":90,"snapToGrid":false,"vertices":[{"x":-133,"y":99,"length":165.8010856418015},{"x":-49,"y":85,"length":98.11218069128827},{"x":6,"y":61,"length":61.29437168288782},{"x":53,"y":28,"length":59.941638282582836},{"x":97,"y":-24,"length":99.92497185388645},{"x":117,"y":-72,"length":137.37903770226373},{"x":130,"y":-137,"length":188.86238376129853},{"x":130,"y":-199,"length":237.69938998659632},{"x":115,"y":-264,"length":287.9600666759195},{"x":84,"y":-314,"length":325.0415358073488},{"x":51,"y":-342,"length":345.7817230566127},{"x":8,"y":-361,"length":361.08863177895813},{"x":-38,"y":-365,"length":366.9727510320078},{"x":-73,"y":-362,"length":369.28715114393026},{"x":-112,"y":-347,"length":364.6272068839625}],"rotation":0,"width":276},"className":"frg.game.editor.objects::BonesPather"},{"params":{"height":767,"x":5111,"directed":false,"isPillar":false,"y":135,"thick":16,"direction":90,"snapToGrid":true,"vertices":[{"x":895,"y":279,"length":937.4785330875583},{"x":977,"y":276,"length":1015.2364256664553},{"x":1036,"y":264,"length":1069.1080394422258},{"x":1097,"y":244,"length":1123.8082576667605},{"x":1160,"y":212,"length":1179.2132970756393},{"x":1229,"y":160,"length":1239.371211542369},{"x":1292,"y":103,"length":1296.0991474420466},{"x":1344,"y":33,"length":1344.4050728854008},{"x":1381,"y":-40,"length":1381.579168922288},{"x":1405,"y":-130,"length":1411.0014174337316},{"x":1425,"y":-240,"length":1445.0692024951609},{"x":1435,"y":-310,"length":1468.1025168563672},{"x":1445,"y":-370,"length":1491.6182487486535},{"x":1455,"y":-415,"length":1513.0267677737893},{"x":1490,"y":-445,"length":1555.0321540083987},{"x":1540,"y":-465,"length":1608.6718123967983},{"x":1610,"y":-475,"length":1678.6080543116668},{"x":1690,"y":-475,"length":1755.4842636719932},{"x":1770,"y":-475,"length":1832.6278945819852},{"x":1850,"y":-475,"length":1910.0065444914057},{"x":1945,"y":-475,"length":2002.1613321608227},{"x":2030,"y":-475,"length":2084.832127534493},{"x":2110,"y":-475,"length":2162.8048918013847},{"x":2180,"y":-475,"length":2231.1488072291368},{"x":2265,"y":-475,"length":2314.2709435154734},{"x":2345,"y":-475,"length":2392.62408246678},{"x":2410,"y":-475,"length":2456.3641830966353},{"x":2475,"y":-475,"length":2520.168645150558},{"x":2550,"y":-475,"length":2593.862949347941},{"x":2630,"y":-475,"length":2672.5502801631255},{"x":2735,"y":-475,"length":2775.941281799743},{"x":2770,"y":-475,"length":2810.4314615375342},{"x":2805,"y":-475,"length":2844.934094139968},{"x":2838,"y":-461,"length":2875.198254033972},{"x":2865,"y":-441,"length":2898.742140998402},{"x":2884,"y":-420,"length":2914.4220696391935},{"x":2898,"y":-398,"length":2925.2022152323075},{"x":2909,"y":-372,"length":2932.689039090234},{"x":2913,"y":-342,"length":2933.0075008427784},{"x":2910,"y":-313,"length":2926.7847546411745},{"x":2903,"y":-287,"length":2917.1523786048615},{"x":2889,"y":-258,"length":2900.497371141715},{"x":2867,"y":-233,"length":2876.452328824519},{"x":2833,"y":-211,"length":2840.846704769548},{"x":2788,"y":-187,"length":2794.2643038910974},{"x":2736,"y":-155,"length":2740.387016463186},{"x":2684,"y":-124,"length":2686.8628547062094},{"x":2643,"y":-98,"length":2644.8162507062752},{"x":2597,"y":-68,"length":2597.89010545096},{"x":2559,"y":-43,"length":2559.361248436805},{"x":2519,"y":-18,"length":2519.0643104136902},{"x":2492,"y":0,"length":2492},{"x":2470,"y":20,"length":2470.080970332754},{"x":2452,"y":47,"length":2452.4504072457817},{"x":2439,"y":73,"length":2440.092211372349},{"x":2434,"y":107,"length":2436.3507547149284},{"x":2434,"y":136,"length":2437.7965460636783},{"x":2442,"y":164,"length":2447.500766087725},{"x":2456,"y":186,"length":2463.0330895057014},{"x":2474,"y":210,"length":2482.896695394313},{"x":2500,"y":233,"length":2510.834323486916},{"x":2529,"y":248,"length":2541.1306538625677},{"x":2562,"y":256,"length":2574.7582410781793},{"x":2595,"y":256,"length":2607.5967863149394},{"x":2627,"y":248,"length":2638.68016250549},{"x":2668,"y":230,"length":2677.895442320331},{"x":2720,"y":200,"length":2727.343029396926},{"x":2765,"y":170,"length":2770.221110308706},{"x":2810,"y":140,"length":2813.485382936972},{"x":2850,"y":115,"length":2852.3192317831467},{"x":2895,"y":85,"length":2896.2475722907393},{"x":2940,"y":55,"length":2940.5144107791753},{"x":2975,"y":35,"length":2975.2058752294774},{"x":3013,"y":12,"length":3013.02389635396},{"x":3048,"y":1,"length":3048.0001640419905},{"x":3081,"y":0,"length":3081},{"x":3118,"y":15,"length":3118.0360806122817},{"x":3160,"y":40,"length":3160.253154416589},{"x":3193,"y":66,"length":3193.6820442868134},{"x":3230,"y":100,"length":3231.54761685481},{"x":3265,"y":130,"length":3267.587030210519},{"x":3300,"y":160,"length":3303.8765110094537},{"x":3330,"y":185,"length":3335.13492980419},{"x":3365,"y":215,"length":3371.861503680126},{"x":3407,"y":245,"length":3415.797710638029},{"x":3459,"y":273,"length":3469.756475604592},{"x":3507,"y":277,"length":3517.9223982345034},{"x":3550,"y":268,"length":3560.101683941064},{"x":3591,"y":241,"length":3599.077937472319},{"x":3640,"y":200,"length":3645.490364820623},{"x":3695,"y":155,"length":3698.249585952792},{"x":3750,"y":110,"length":3751.612986436634},{"x":3805,"y":70,"length":3805.643835148003},{"x":3850,"y":35,"length":3850.1590876222244},{"x":3894,"y":4,"length":3894.0020544421905},{"x":3922,"y":-21,"length":3922.056220912699},{"x":3942,"y":-53,"length":3942.356275122785},{"x":3953,"y":-96,"length":3954.1655251139905},{"x":3957,"y":-147,"length":3959.7295362183513},{"x":3955,"y":-185,"length":3959.3244373251355},{"x":3970,"y":-235,"length":3976.9492076213396},{"x":4010,"y":-270,"length":4019.079496601181},{"x":4070,"y":-290,"length":4080.3186150103525},{"x":4140,"y":-290,"length":4150.1445757949205},{"x":4210,"y":-290,"length":4219.976303251003},{"x":4285,"y":-290,"length":4294.802090900115},{"x":4350,"y":-290,"length":4359.655949728143},{"x":4410,"y":-290,"length":4419.524861339734},{"x":4485,"y":-290,"length":4494.3659174571},{"x":4550,"y":-290,"length":4559.232391532592},{"x":4635,"y":-290,"length":4644.063414726375},{"x":4710,"y":-290,"length":4718.919367821409},{"x":4785,"y":-290,"length":4793.779823896796},{"x":4865,"y":-290,"length":4873.635706533676},{"x":4940,"y":-290,"length":4948.504824692},{"x":5010,"y":-290,"length":5018.386194784136},{"x":5080,"y":-290,"length":5088.270826125512},{"x":5175,"y":-290,"length":5183.119234592235},{"x":5235,"y":-290,"length":5243.02632074263},{"x":5305,"y":-290,"length":5312.9205715877215},{"x":5365,"y":-290,"length":5372.832120958183},{"x":5712,"y":-298,"length":5719.768177120468}],"rotation":0,"width":4830},"className":"frg.game.editor.objects::BonesPather"},{"params":{"height":1692,"x":9850,"y":-1000,"rotation":0,"width":1242},"className":"FinishZone"},{"params":{"height":387,"x":8224,"directed":false,"isPillar":false,"y":-287,"thick":16,"direction":90,"snapToGrid":false,"vertices":[{"x":319,"y":-84,"length":329.874218453034},{"x":261,"y":-83,"length":273.87953556262653},{"x":188,"y":-78,"length":203.53869410998982},{"x":123,"y":-70,"length":141.52384958020326},{"x":76,"y":-66,"length":100.65783625729296},{"x":50,"y":-87,"length":100.34440691936945},{"x":65,"y":-135,"length":149.83324063771698},{"x":74,"y":-198,"length":211.3764414498456},{"x":66,"y":-250,"length":258.5652722234755},{"x":38,"y":-309,"length":311.3278015211619},{"x":11,"y":-351,"length":351.17232237179513},{"x":-24,"y":-386,"length":386.7453942841466},{"x":-71,"y":-419,"length":424.9729403150276},{"x":-125,"y":-440,"length":457.4111935665764}],"rotation":0,"width":457},"className":"frg.game.editor.objects::BonesPather"},{"params":{"layer":0,"vertices":[{"x":0,"y":0,"length":0},{"x":100,"y":0,"length":100},{"x":95,"y":455,"length":464.81178986768396},{"x":-5,"y":455,"length":455.02747169813824}],"density":1,"safeId":-1,"physic":true,"rem":true,"rotation":0,"plr":false,"line":true,"x":0,"isStatic":true,"id":-1,"isWheel":false,"ignore":false,"graphic":true,"y":-80},"className":"frg.game.editor.objects::LandscapeShaper"}],[{"params":{"height":128.35,"x":3334,"y":-205,"rotation":0,"scaleX":1,"scaleY":1,"width":9.3},"className":"SignPillar"},{"params":{"height":128.35,"x":7590,"y":-410,"rotation":0,"scaleX":1,"scaleY":1,"width":9.3},"className":"SignPillar"},{"params":{"height":95.5,"x":960,"y":323,"rotation":0,"scaleX":1,"scaleY":1,"width":80.2},"className":"Dec24"},{"params":{"height":128.35,"x":995,"y":306,"rotation":0,"scaleX":1,"scaleY":1,"width":9.3},"className":"SignPillar"},{"params":{"height":70.65,"x":996,"y":243,"rotation":0,"width":70.65},"className":"Sign2"},{"params":{"height":79.6,"x":3368,"y":-177,"rotation":0,"scaleX":-1,"scaleY":1,"width":77.3},"className":"Dec23"},{"params":{"height":95.5,"x":7554,"y":-390,"rotation":0,"scaleX":1,"scaleY":1,"width":80.2},"className":"Dec24"},{"params":{"height":95.5,"x":8940,"y":370,"rotation":0,"scaleX":1,"scaleY":1,"width":80.2},"className":"Dec24"}],[{"params":{"height":18,"x":1190,"y":302,"rotation":90,"safeId":-1,"ttl":0.5,"width":132},"className":"GlassCrashed0"},{"params":{"height":18,"x":8638,"y":-393,"rotation":170.00000000000006,"safeId":2,"ttl":0.5,"width":66},"className":"GlassCrashed1"},{"params":{"height":18,"x":9043,"y":-169,"rotation":-110.99999999999994,"safeId":2,"ttl":0.5,"width":66},"className":"GlassCrashed1"},{"params":{"height":18,"x":8700,"y":-399,"rotation":179,"safeId":2,"ttl":0.5,"width":66},"className":"GlassCrashed1"},{"params":{"height":18,"x":8762,"y":-395,"rotation":-172.00000000000006,"safeId":2,"ttl":0.5,"width":66},"className":"GlassCrashed1"},{"params":{"height":18,"x":9062,"y":-108,"rotation":-103,"safeId":2,"ttl":0.5,"width":66},"className":"GlassCrashed1"},{"params":{"height":18,"x":8823,"y":-381,"rotation":-162,"safeId":2,"ttl":0.5,"width":66},"className":"GlassCrashed1"},{"params":{"height":18,"x":9072,"y":-46,"rotation":-94.99999999999996,"safeId":2,"ttl":0.5,"width":66},"className":"GlassCrashed1"},{"params":{"height":18,"x":8881,"y":-355,"rotation":-151,"safeId":2,"ttl":0.5,"width":66},"className":"GlassCrashed1"},{"params":{"height":18,"x":8933,"y":-319,"rotation":-140,"safeId":2,"ttl":0.5,"width":66},"className":"GlassCrashed1"},{"params":{"height":18,"x":8978,"y":-275,"rotation":-131.99999999999994,"safeId":2,"ttl":0.5,"width":66},"className":"GlassCrashed1"},{"params":{"height":18,"x":9015,"y":-225,"rotation":-121.99999999999991,"safeId":2,"ttl":0.5,"width":66},"className":"GlassCrashed1"},{"params":{"height":18,"x":8578,"y":-378,"rotation":161.00000000000009,"safeId":2,"ttl":0.5,"width":66},"className":"GlassCrashed1"},{"params":{"height":18,"x":4150,"y":-135,"rotation":0,"safeId":1,"ttl":0.5,"width":66},"className":"GlassCrashed1"},{"params":{"height":18,"x":4163,"y":133,"rotation":0,"safeId":1,"ttl":0.5,"width":66},"className":"GlassCrashed1"},{"params":{"height":99,"force":6000,"y":220,"rotation":0,"safeId":2,"x":8800,"time":2,"width":100},"className":"BoostE"},{"params":{"height":99,"force":6000,"y":180,"rotation":0,"safeId":2,"x":7990,"time":2,"width":100},"className":"BoostE"}],null,[{"params":{"height":32,"x":480,"y":270,"rotation":0,"width":64},"className":"PlayerWP"},{"params":{"height":2998,"x":3330,"y":-260,"width":128,"id":1,"rotation":0},"className":"SafePointE"},{"params":{"height":1440,"x":7590,"y":-480,"width":128,"id":2,"rotation":0},"className":"SafePointE"}],[{"params":{"height":17,"x":4800,"id":-1,"rotation":0,"safeId":1,"graphic":1,"y":-120,"width":17},"className":"PivotJointE"},{"params":{"height":17,"x":3640,"id":-1,"rotation":0,"safeId":1,"graphic":1,"y":140,"width":17},"className":"PivotJointE"},{"params":{"height":17,"x":1763,"id":-1,"rotation":0,"safeId":-1,"graphic":0,"y":6,"width":17},"className":"PivotJointE"}]]}