{"settings":{"theme":3,"prizes":"30,38,46","countdown":0,"gravityY":500},"layers":[[{"params":{"wireframe":false,"type":1,"straightSides":true,"snapToGrid":false,"vertices":[{"x":0,"y":0,"length":0},{"x":69,"y":65,"length":94.79451460923254},{"x":128,"y":105,"length":165.55663683464942},{"x":199,"y":134,"length":239.91039994131143},{"x":264,"y":154,"length":305.6337677678957},{"x":330,"y":167,"length":369.84996958226185},{"x":395,"y":169,"length":429.6347285776605},{"x":459,"y":162,"length":486.7494221876386},{"x":529,"y":143,"length":547.9872261284929},{"x":594,"y":114,"length":604.8404748361339},{"x":652,"y":79,"length":656.7686046089597},{"x":707,"y":37,"length":707.9675133789685},{"x":759,"y":-17,"length":759.19035821064},{"x":800,"y":-70,"length":803.0566605165541},{"x":831,"y":-123,"length":840.0535697204077},{"x":859,"y":-188,"length":879.3321329281672},{"x":875,"y":-242,"length":907.848555652318},{"x":887,"y":-318,"length":942.2807437276855},{"x":888,"y":-381,"length":966.2841197080701},{"x":881,"y":-450,"length":989.2729653639586},{"x":869,"y":-511,"length":1008.1081291210779},{"x":851,"y":-563,"length":1020.3773811683596},{"x":822,"y":-623,"length":1031.413108313056},{"x":787,"y":-678,"length":1038.7747590310423},{"x":750,"y":-723,"length":1041.7432505180918},{"x":705,"y":-765,"length":1040.312453063982},{"x":650,"y":-808,"length":1036.997589196812},{"x":589,"y":-844,"length":1029.2021181478399},{"x":531,"y":-871,"length":1020.0990148019946},{"x":453,"y":-891,"length":999.544896440375},{"x":402,"y":-899,"length":984.7867789526828},{"x":346,"y":-902,"length":966.084882399057},{"x":-1349,"y":-903,"length":1623.332991101949},{"x":-1349,"y":-505,"length":1440.4256315408998},{"x":-1211,"y":-366,"length":1265.0996008220063},{"x":-6,"y":-369,"length":369.04877726392755}],"originOffsetRatio":0,"density":"1","action":0,"physic":true,"shapeH":19,"rotation":0,"stretchTexture":false,"height":1091,"x":7007,"isStatic":true,"repeatTexture":true,"id":-1,"width":2256,"textureOffset":0,"safeId":-1,"graphic":true,"smoothing":true,"y":-1987,"textureMode":true},"className":"frg.game.editor.objects::DynamicPather"},{"params":{"wireframe":false,"type":1,"straightSides":true,"snapToGrid":false,"vertices":[{"x":0,"y":0,"length":0},{"x":1335,"y":0,"length":1335}],"originOffsetRatio":0,"density":"1","action":0,"physic":true,"shapeH":19,"rotation":0,"stretchTexture":false,"height":19,"x":5660,"isStatic":true,"repeatTexture":true,"id":-1,"width":1348,"textureOffset":0,"safeId":-1,"graphic":true,"smoothing":true,"y":-2490,"textureMode":true},"className":"frg.game.editor.objects::DynamicPather"},{"params":{"wireframe":false,"type":1,"straightSides":true,"snapToGrid":false,"vertices":[{"x":4,"y":-4,"length":5.656854249492381},{"x":107,"y":-22,"length":109.23827168167757},{"x":168,"y":-44,"length":173.6663467687393},{"x":223,"y":-76,"length":235.5949914577982},{"x":263,"y":-112,"length":285.8548582760139},{"x":300,"y":-154,"length":337.21803036018105},{"x":329,"y":-209,"length":389.7717280665698}],"originOffsetRatio":0,"density":"1","action":0,"physic":true,"shapeH":19,"rotation":0,"stretchTexture":false,"height":220.85,"x":4828,"isStatic":true,"repeatTexture":true,"id":-1,"width":339.9,"textureOffset":0,"safeId":-1,"graphic":true,"smoothing":true,"y":-1980,"textureMode":true},"className":"frg.game.editor.objects::DynamicPather"},{"params":{"wireframe":false,"type":1,"straightSides":true,"snapToGrid":false,"vertices":[{"x":2,"y":9,"length":9.219544457292887},{"x":658,"y":-209,"length":690.3948145807585}],"originOffsetRatio":0,"density":"1","action":0,"physic":true,"shapeH":19,"rotation":0,"stretchTexture":false,"height":236,"x":2930,"isStatic":true,"repeatTexture":true,"id":-1,"width":669,"textureOffset":0,"safeId":-1,"graphic":true,"smoothing":true,"y":-2195,"textureMode":true},"className":"frg.game.editor.objects::DynamicPather"},{"params":{"wireframe":false,"type":1,"straightSides":true,"snapToGrid":false,"vertices":[{"x":0,"y":0,"length":0},{"x":1077,"y":0,"length":1077},{"x":1145,"y":-92,"length":1148.6901235755447}],"originOffsetRatio":0,"density":"1","action":0,"physic":true,"shapeH":19,"rotation":0,"stretchTexture":false,"height":108,"x":2511,"isStatic":true,"repeatTexture":true,"id":-1,"width":1159.15,"textureOffset":0,"safeId":-1,"graphic":true,"smoothing":true,"y":-504,"textureMode":true},"className":"frg.game.editor.objects::DynamicPather"},{"params":{"wireframe":false,"type":1,"straightSides":true,"snapToGrid":false,"vertices":[{"x":0,"y":0,"length":0},{"x":628,"y":-315,"length":702.5731278664165}],"originOffsetRatio":0,"density":"1","action":0,"physic":true,"shapeH":19,"rotation":0,"stretchTexture":false,"height":332,"x":1580,"isStatic":true,"repeatTexture":true,"id":-1,"width":641,"textureOffset":0,"safeId":-1,"graphic":true,"smoothing":true,"y":-376,"textureMode":true},"className":"frg.game.editor.objects::DynamicPather"},{"params":{"wireframe":false,"type":1,"straightSides":true,"snapToGrid":false,"vertices":[{"x":0,"y":0,"length":0},{"x":849,"y":0,"length":849}],"originOffsetRatio":0,"density":"1","action":0,"physic":true,"shapeH":19,"rotation":0,"stretchTexture":false,"height":19,"x":1282,"isStatic":true,"repeatTexture":true,"id":-1,"width":862,"textureOffset":0,"safeId":-1,"graphic":true,"smoothing":true,"y":-380,"textureMode":true},"className":"frg.game.editor.objects::DynamicPather"},{"params":{"wireframe":false,"type":1,"straightSides":true,"snapToGrid":false,"vertices":[{"x":0,"y":0,"length":0},{"x":849,"y":0,"length":849}],"originOffsetRatio":0,"density":"1","action":0,"physic":true,"shapeH":19,"rotation":0,"stretchTexture":false,"height":19,"x":1370,"isStatic":true,"repeatTexture":true,"id":-1,"width":862,"textureOffset":0,"safeId":-1,"graphic":true,"smoothing":true,"y":-310,"textureMode":true},"className":"frg.game.editor.objects::DynamicPather"},{"params":{"wireframe":false,"type":1,"straightSides":true,"snapToGrid":false,"vertices":[{"x":0,"y":0,"length":0},{"x":91,"y":0,"length":91},{"x":147,"y":-8,"length":147.2175261305528},{"x":213,"y":-28,"length":214.83249288690016},{"x":267,"y":-61,"length":273.87953556262653},{"x":311,"y":-97,"length":325.7759966602819},{"x":351,"y":-137,"length":376.7890656587582},{"x":390,"y":-191,"length":434.25913922449575},{"x":415,"y":-248,"length":483.45527197456437},{"x":428,"y":-301,"length":523.2446846361652},{"x":438,"y":-363,"length":568.8699324098611},{"x":433,"y":-430,"length":610.2368392681648},{"x":419,"y":-485,"length":640.9258927520405},{"x":397,"y":-537,"length":667.8158428788583},{"x":369,"y":-588,"length":694.1937769816149},{"x":325,"y":-637,"length":715.1181720527035},{"x":278,"y":-678,"length":732.7810041206036},{"x":246,"y":-700,"length":741.9676542815057},{"x":208,"y":-721,"length":750.4032249397653},{"x":158,"y":-737,"length":753.7459784303993},{"x":109,"y":-745,"length":752.9316037994421},{"x":58,"y":-748,"length":750.2452932208239},{"x":8,"y":-744,"length":744.043009509531},{"x":-53,"y":-730,"length":731.9214438722232},{"x":-114,"y":-706,"length":715.1447405945177},{"x":-159,"y":-681,"length":699.3153794962614},{"x":-198,"y":-652,"length":681.4014969164656},{"x":-235,"y":-612,"length":655.5676929196557},{"x":-273,"y":-557,"length":620.3047638056635},{"x":-296,"y":-507,"length":587.0817660258238},{"x":-303,"y":-444,"length":537.5360453030104},{"x":-296,"y":-350,"length":458.3841183985327}],"originOffsetRatio":0,"density":"1","action":0,"physic":true,"shapeH":19,"rotation":0,"stretchTexture":false,"height":767,"x":7293,"isStatic":true,"repeatTexture":true,"id":-1,"width":760.1,"textureOffset":0,"safeId":-1,"graphic":true,"smoothing":true,"y":-1994,"textureMode":true},"className":"frg.game.editor.objects::DynamicPather"},{"params":{"wireframe":false,"type":1,"straightSides":true,"snapToGrid":false,"vertices":[{"x":0,"y":0,"length":0},{"x":-7,"y":-44,"length":44.553338819890925},{"x":-20,"y":-83,"length":85.37564055396598},{"x":-37,"y":-114,"length":119.85407794480753},{"x":-60,"y":-142,"length":154.1557653803451},{"x":-80,"y":-160,"length":178.88543819998318},{"x":-101,"y":-175,"length":202.05444810743464},{"x":-136,"y":-193,"length":236.10379073619296},{"x":-176,"y":-204,"length":269.4290259047826},{"x":-220,"y":-207,"length":302.07449412355226},{"x":-262,"y":-201,"length":330.2196238868914},{"x":-302,"y":-189,"length":356.2653505464712},{"x":-337,"y":-166,"length":375.6660751252367},{"x":-367,"y":-137,"length":391.7371567773473},{"x":-393,"y":-105,"length":406.78495547401945},{"x":-412,"y":-64,"length":416.94124286282835},{"x":-421,"y":-25,"length":421.7416270656716},{"x":-421,"y":19,"length":421.4285230024185},{"x":-412,"y":66,"length":417.2529209005013},{"x":-390,"y":111,"length":405.4885941675795},{"x":-364,"y":147,"length":392.56209699867867},{"x":-332,"y":175,"length":375.2985478255944},{"x":-293,"y":196,"length":352.51241112902676},{"x":-255,"y":208,"length":329.07294024273705},{"x":-204,"y":212,"length":294.2108087749327},{"x":-167,"y":208,"length":266.74519677025114}],"originOffsetRatio":0,"density":"1","action":0,"physic":true,"shapeH":19,"rotation":0,"stretchTexture":false,"height":438.1,"x":1417,"isStatic":true,"repeatTexture":true,"id":-1,"width":439.9,"textureOffset":0,"safeId":-1,"graphic":true,"smoothing":true,"y":-190,"textureMode":true},"className":"frg.game.editor.objects::DynamicPather"},{"params":{"layer":2,"vertices":[{"x":0,"y":-1380,"length":1380},{"x":1135,"y":-1380,"length":1786.7918177560587},{"x":1140,"y":-1325,"length":1747.9201926861535},{"x":1160,"y":-1285,"length":1731.1340213859814},{"x":1190,"y":-1240,"length":1718.6331778480246},{"x":1230,"y":-1205,"length":1721.89575758813},{"x":1275,"y":-1185,"length":1740.646431645439},{"x":1320,"y":-1175,"length":1767.2082503202614},{"x":1360,"y":-1175,"length":1797.2826711455268},{"x":1360,"y":230,"length":1379.3114224133722},{"x":200,"y":230,"length":304.7950130825634},{"x":175,"y":185,"length":254.65663156493687},{"x":145,"y":155,"length":212.24985276791125},{"x":110,"y":130,"length":170.29386365926402},{"x":65,"y":110,"length":127.76932339180638},{"x":0,"y":100,"length":100}],"density":1,"safeId":-1,"physic":false,"rem":true,"rotation":0,"plr":false,"line":true,"x":2300,"isStatic":true,"id":-1,"isWheel":false,"ignore":false,"graphic":true,"y":-820},"className":"frg.game.editor.objects::LandscapeShaper"},{"params":{"wireframe":false,"type":1,"straightSides":true,"snapToGrid":false,"vertices":[{"x":0,"y":0,"length":0},{"x":-7,"y":-44,"length":44.553338819890925},{"x":-20,"y":-83,"length":85.37564055396598},{"x":-37,"y":-114,"length":119.85407794480753},{"x":-60,"y":-142,"length":154.1557653803451},{"x":-80,"y":-160,"length":178.88543819998318},{"x":-101,"y":-175,"length":202.05444810743464},{"x":-136,"y":-193,"length":236.10379073619296},{"x":-176,"y":-204,"length":269.4290259047826},{"x":-220,"y":-207,"length":302.07449412355226},{"x":-262,"y":-201,"length":330.2196238868914},{"x":-302,"y":-189,"length":356.2653505464712},{"x":-337,"y":-166,"length":375.6660751252367},{"x":-367,"y":-137,"length":391.7371567773473},{"x":-393,"y":-105,"length":406.78495547401945},{"x":-412,"y":-64,"length":416.94124286282835},{"x":-421,"y":-25,"length":421.7416270656716},{"x":-421,"y":19,"length":421.4285230024185},{"x":-412,"y":66,"length":417.2529209005013},{"x":-390,"y":111,"length":405.4885941675795},{"x":-364,"y":147,"length":392.56209699867867},{"x":-332,"y":175,"length":375.2985478255944},{"x":-293,"y":196,"length":352.51241112902676},{"x":-255,"y":208,"length":329.07294024273705},{"x":-204,"y":212,"length":294.2108087749327},{"x":-167,"y":208,"length":266.74519677025114}],"originOffsetRatio":0,"density":"1","action":0,"physic":true,"shapeH":19,"rotation":0,"stretchTexture":false,"height":438.1,"x":2519,"isStatic":true,"repeatTexture":true,"id":-1,"width":439.9,"textureOffset":0,"safeId":-1,"graphic":true,"smoothing":true,"y":-506,"textureMode":true},"className":"frg.game.editor.objects::DynamicPather"},{"params":{"wireframe":false,"vertices":[{"x":-310,"y":0,"length":310},{"x":1135,"y":0,"length":1135},{"x":1176,"y":-4,"length":1176.0068027014129},{"x":1218,"y":-12,"length":1218.0591118660868},{"x":1256,"y":-25,"length":1256.248781093936},{"x":1297,"y":-46,"length":1297.8154722455731},{"x":1330,"y":-68,"length":1331.7372113146046},{"x":1368,"y":-103,"length":1371.8720785845887},{"x":1401,"y":-141,"length":1408.0774126446315},{"x":1426,"y":-182,"length":1437.567389724739},{"x":1443,"y":-224,"length":1460.2825069143298},{"x":1455,"y":-273,"length":1480.3898135288557},{"x":1460,"y":-321,"length":1494.8715663895678},{"x":1460,"y":-366,"length":1505.1764016220823},{"x":2237,"y":-367,"length":2266.904938456838},{"x":2300,"y":-379,"length":2331.0171599539976},{"x":2349,"y":-396,"length":2382.145461553513},{"x":2391,"y":-418,"length":2427.2628617436553},{"x":2433,"y":-448,"length":2473.9023828760905},{"x":2465,"y":-479,"length":2511.1085201559886},{"x":2492,"y":-514,"length":2544.4567200092047},{"x":2516,"y":-555,"length":2576.4861730659454},{"x":2533,"y":-594,"length":2601.7157800190244},{"x":2543,"y":-636,"length":2621.3250466128766},{"x":2543,"y":-691,"length":2635.209669077586},{"x":3587,"y":-694,"length":3653.5195360090797},{"x":3647,"y":-701,"length":3713.759550644064},{"x":3704,"y":-721,"length":3773.5205047806485},{"x":3751,"y":-747,"length":3824.658154659054},{"x":3795,"y":-783,"length":3874.9340639551533},{"x":3836,"y":-829,"length":3924.555643636614},{"x":3866,"y":-876,"length":3964.0045408652095},{"x":3885,"y":-923,"length":3993.138364745204},{"x":3898,"y":-992,"length":4022.2466358988977},{"x":3895,"y":-2388,"length":4568.76011626787},{"x":4943,"y":-2386,"length":5488.738015245399},{"x":5864,"y":-2397,"length":6334.990528801129},{"x":7053,"y":-2387,"length":7445.977303215475},{"x":7121,"y":-2313,"length":7487.229794790594},{"x":7181,"y":-2275,"length":7532.754210778419},{"x":7175,"y":-592,"length":7199.381153960388}],"lineId":0,"physic":true,"directed":true,"width":7529.55,"shape":true,"height":2461,"isRoad":true,"rotation":0,"textureMode":true,"straightSides":true,"originOffsetRatio":0,"cameraOffsetY":100,"stretchTexture":false,"thick":128,"repeatTexture":true,"line":true,"x":-50,"smoothing":true,"y":390,"direction":90,"textureOffset":0,"camera":false,"snapToGrid":true},"className":"frg.game.editor.objects::GroundPather"},{"params":{"wireframe":false,"vertices":[{"x":-300,"y":30,"length":301.4962686336267},{"x":1135,"y":0,"length":1135},{"x":1176,"y":-4,"length":1176.0068027014129},{"x":1218,"y":-12,"length":1218.0591118660868},{"x":1256,"y":-25,"length":1256.248781093936},{"x":3639,"y":-633,"length":3693.6445416417646},{"x":3699,"y":-640,"length":3753.9580445178126},{"x":3756,"y":-660,"length":3813.546380994992},{"x":3803,"y":-686,"length":3864.376405062012},{"x":3847,"y":-722,"length":3914.1656837696587},{"x":3888,"y":-768,"length":3963.1260388738583},{"x":3918,"y":-815,"length":4001.8681887338566},{"x":3937,"y":-862,"length":4030.2621502825345},{"x":3950,"y":-931,"length":4058.2337290993974},{"x":3944,"y":-2165,"length":4499.151142160041},{"x":3999,"y":-2270,"length":4598.358511469066},{"x":4114,"y":-2335,"length":4730.456743275431},{"x":6799,"y":-2360,"length":7196.943865280596},{"x":7407,"y":-2168,"length":7717.7634713691505},{"x":7836,"y":-2193,"length":8137.08455160692},{"x":8851,"y":-2192,"length":9118.39157965921}],"lineId":0,"physic":false,"directed":false,"width":9164,"shape":false,"height":2454.05,"isRoad":false,"rotation":0,"textureMode":true,"straightSides":true,"originOffsetRatio":0,"cameraOffsetY":100,"stretchTexture":false,"thick":128,"repeatTexture":true,"line":false,"x":-50,"smoothing":true,"y":370,"direction":90,"textureOffset":0,"camera":true,"snapToGrid":false},"className":"frg.game.editor.objects::GroundPather"},{"params":{"wireframe":false,"type":5,"straightSides":true,"snapToGrid":true,"vertices":[{"x":0,"y":0,"length":0},{"x":1850,"y":0,"length":1850}],"originOffsetRatio":0,"density":"1","action":0,"physic":true,"shapeH":64,"rotation":0,"stretchTexture":false,"height":64,"x":5170,"isStatic":true,"repeatTexture":true,"id":-1,"width":1863,"textureOffset":0,"safeId":-1,"graphic":true,"smoothing":true,"y":-2001,"textureMode":true},"className":"frg.game.editor.objects::DynamicPather"},{"params":{"layer":6,"vertices":[{"x":0,"y":0,"length":0},{"x":10,"y":-10,"length":14.142135623730951},{"x":35,"y":-10,"length":36.40054944640259},{"x":45,"y":0,"length":45},{"x":45,"y":300,"length":303.35622624235026},{"x":0,"y":300,"length":300}],"density":1,"safeId":2,"physic":true,"rem":true,"rotation":0,"plr":false,"line":true,"x":5401,"isStatic":false,"id":-1,"isWheel":false,"ignore":false,"graphic":true,"y":-2317},"className":"frg.game.editor.objects::LandscapeShaper"},{"params":{"layer":6,"vertices":[{"x":0,"y":0,"length":0},{"x":10,"y":-10,"length":14.142135623730951},{"x":35,"y":-10,"length":36.40054944640259},{"x":45,"y":0,"length":45},{"x":45,"y":300,"length":303.35622624235026},{"x":0,"y":300,"length":300}],"density":1,"safeId":2,"physic":true,"rem":true,"rotation":0,"plr":false,"line":true,"x":5655,"isStatic":false,"id":-1,"isWheel":false,"ignore":false,"graphic":true,"y":-2317},"className":"frg.game.editor.objects::LandscapeShaper"},{"params":{"layer":6,"vertices":[{"x":0,"y":0,"length":0},{"x":10,"y":-10,"length":14.142135623730951},{"x":35,"y":-10,"length":36.40054944640259},{"x":45,"y":0,"length":45},{"x":45,"y":300,"length":303.35622624235026},{"x":0,"y":300,"length":300}],"density":1,"safeId":2,"physic":true,"rem":true,"rotation":-9,"plr":false,"line":true,"x":5160,"isStatic":false,"id":-1,"isWheel":false,"ignore":false,"graphic":true,"y":-2311},"className":"frg.game.editor.objects::LandscapeShaper"},{"params":{"layer":6,"vertices":[{"x":0,"y":0,"length":0},{"x":10,"y":-10,"length":14.142135623730951},{"x":35,"y":-10,"length":36.40054944640259},{"x":45,"y":0,"length":45},{"x":45,"y":300,"length":303.35622624235026},{"x":0,"y":300,"length":300}],"density":1,"safeId":2,"physic":true,"rem":true,"rotation":0,"plr":false,"line":true,"x":6165,"isStatic":false,"id":-1,"isWheel":false,"ignore":false,"graphic":true,"y":-2317},"className":"frg.game.editor.objects::LandscapeShaper"},{"params":{"layer":6,"vertices":[{"x":0,"y":0,"length":0},{"x":10,"y":-10,"length":14.142135623730951},{"x":35,"y":-10,"length":36.40054944640259},{"x":45,"y":0,"length":45},{"x":45,"y":300,"length":303.35622624235026},{"x":0,"y":300,"length":300}],"density":1,"safeId":2,"physic":true,"rem":true,"rotation":0,"plr":false,"line":true,"x":5921,"isStatic":false,"id":-1,"isWheel":false,"ignore":false,"graphic":true,"y":-2317},"className":"frg.game.editor.objects::LandscapeShaper"},{"params":{"layer":6,"vertices":[{"x":0,"y":0,"length":0},{"x":10,"y":-10,"length":14.142135623730951},{"x":35,"y":-10,"length":36.40054944640259},{"x":45,"y":0,"length":45},{"x":45,"y":300,"length":303.35622624235026},{"x":0,"y":300,"length":300}],"density":1,"safeId":2,"physic":true,"rem":true,"rotation":0,"plr":false,"line":true,"x":6441,"isStatic":false,"id":-1,"isWheel":false,"ignore":false,"graphic":true,"y":-2317},"className":"frg.game.editor.objects::LandscapeShaper"},{"params":{"layer":6,"vertices":[{"x":0,"y":0,"length":0},{"x":10,"y":-10,"length":14.142135623730951},{"x":35,"y":-10,"length":36.40054944640259},{"x":45,"y":0,"length":45},{"x":45,"y":300,"length":303.35622624235026},{"x":0,"y":300,"length":300}],"density":1,"safeId":2,"physic":true,"rem":true,"rotation":0,"plr":false,"line":true,"x":6685,"isStatic":false,"id":-1,"isWheel":false,"ignore":false,"graphic":true,"y":-2317},"className":"frg.game.editor.objects::LandscapeShaper"},{"params":{"layer":6,"vertices":[{"x":0,"y":0,"length":0},{"x":45,"y":0,"length":45},{"x":45,"y":300,"length":303.35622624235026},{"x":0,"y":300,"length":300}],"density":1,"safeId":2,"physic":true,"rem":true,"rotation":0,"plr":false,"line":true,"x":6951,"isStatic":false,"id":-1,"isWheel":false,"ignore":false,"graphic":true,"y":-2317},"className":"frg.game.editor.objects::LandscapeShaper"},{"params":{"height":382,"x":6070,"y":-2690,"rotation":0,"width":828},"className":"FinishZone"},{"params":{"layer":6,"vertices":[{"x":-10,"y":-635,"length":635.0787352761861},{"x":175,"y":-635,"length":658.6729082025463},{"x":185,"y":100,"length":210.2974084481309},{"x":0,"y":100,"length":100}],"density":1,"safeId":-1,"physic":true,"rem":true,"rotation":0,"plr":false,"line":true,"x":-350,"isStatic":true,"id":-1,"isWheel":false,"ignore":false,"graphic":true,"y":290},"className":"frg.game.editor.objects::LandscapeShaper"},{"params":{"wireframe":false,"type":5,"straightSides":true,"snapToGrid":true,"vertices":[{"x":0,"y":10,"length":10},{"x":0,"y":1405,"length":1405}],"originOffsetRatio":0,"density":"1","action":0,"physic":true,"shapeH":64,"rotation":0,"stretchTexture":false,"height":1408,"x":3670,"isStatic":true,"repeatTexture":true,"id":-1,"width":64,"textureOffset":0,"safeId":-1,"graphic":true,"smoothing":true,"y":-2000,"textureMode":true},"className":"frg.game.editor.objects::DynamicPather"},{"params":{"wireframe":false,"type":1,"straightSides":true,"snapToGrid":false,"vertices":[{"x":0,"y":0,"length":0},{"x":-7,"y":-44,"length":44.553338819890925},{"x":-20,"y":-83,"length":85.37564055396598},{"x":-37,"y":-114,"length":119.85407794480753},{"x":-60,"y":-142,"length":154.1557653803451},{"x":-80,"y":-160,"length":178.88543819998318},{"x":-101,"y":-175,"length":202.05444810743464},{"x":-136,"y":-193,"length":236.10379073619296},{"x":-176,"y":-204,"length":269.4290259047826},{"x":-220,"y":-207,"length":302.07449412355226},{"x":-262,"y":-201,"length":330.2196238868914},{"x":-302,"y":-189,"length":356.2653505464712},{"x":-337,"y":-166,"length":375.6660751252367},{"x":-367,"y":-137,"length":391.7371567773473},{"x":-393,"y":-105,"length":406.78495547401945},{"x":-412,"y":-64,"length":416.94124286282835},{"x":-421,"y":-25,"length":421.7416270656716},{"x":-421,"y":19,"length":421.4285230024185},{"x":-412,"y":66,"length":417.2529209005013},{"x":-390,"y":111,"length":405.4885941675795},{"x":-364,"y":147,"length":392.56209699867867},{"x":-332,"y":175,"length":375.2985478255944},{"x":-293,"y":196,"length":352.51241112902676},{"x":-255,"y":208,"length":329.07294024273705},{"x":-204,"y":212,"length":294.2108087749327},{"x":-167,"y":208,"length":266.74519677025114}],"originOffsetRatio":0,"density":"1","action":0,"physic":true,"shapeH":19,"rotation":0,"stretchTexture":false,"height":438.1,"x":3859,"isStatic":true,"repeatTexture":true,"id":-1,"width":439.9,"textureOffset":0,"safeId":-1,"graphic":true,"smoothing":true,"y":-2206,"textureMode":true},"className":"frg.game.editor.objects::DynamicPather"}],[{"params":{"height":128.35,"x":7449,"y":-2075,"rotation":-9,"scaleX":1,"scaleY":1,"width":9.3},"className":"SignPillar"},{"params":{"height":69.8,"x":7438,"y":-2148,"rotation":168,"width":68.8},"className":"Sign1"},{"params":{"height":128.35,"x":4580,"y":-2060,"rotation":0,"scaleX":1,"scaleY":1,"width":9.3},"className":"SignPillar"},{"params":{"height":97.35,"x":3020,"y":-353,"rotation":0,"scaleX":1,"scaleY":0.7584729255940786,"width":9.3},"className":"SignPillar"},{"params":{"height":331.2,"x":50,"y":280,"rotation":0,"scaleX":1,"scaleY":1,"width":264},"className":"Dec14"},{"params":{"height":240.35,"x":30,"y":270,"rotation":33,"scaleX":1,"scaleY":1,"width":139.45},"className":"Dec13"},{"params":{"height":331.2,"x":1820,"y":-90,"rotation":0,"scaleX":1,"scaleY":1,"width":264},"className":"Dec14"},{"params":{"height":132.25,"x":2980,"y":-420,"rotation":0,"scaleX":1,"scaleY":1,"width":87.85},"className":"Dec15"},{"params":{"height":132.25,"x":4540,"y":-2120,"rotation":0,"scaleX":1,"scaleY":1,"width":87.85},"className":"Dec15"}],[{"params":{"height":99,"force":6200,"y":-560,"rotation":0,"safeId":1,"x":3770,"time":2,"width":100},"className":"BoostE"},{"params":{"stones":false,"safeId":2,"physic":false,"impulse":40000,"rotation":0,"height":53.2,"x":7342,"id":51,"count":12,"radius":64,"y":-2010,"width":53.2},"className":"Tnt1"},{"params":{"height":99,"force":6000,"y":-1870,"rotation":0,"safeId":2,"x":7390,"time":2,"width":100},"className":"BoostE"}],null,[{"params":{"height":32,"x":430,"y":300,"rotation":0,"width":64},"className":"PlayerWP"},{"params":{"height":843,"x":3020,"y":-410,"width":128,"id":1,"rotation":0},"className":"SafePointE"},{"params":{"height":720,"x":4580,"y":-2140,"width":128,"id":2,"rotation":0},"className":"SafePointE"}],[{"params":{"height":341,"hint":-1,"id":51,"rotation":0,"safeId":2,"x":7360,"off":false,"id_off":-1,"y":-2760,"width":64,"sndId":-1},"className":"ToggleE"}]]}