{"settings":{"theme":3,"prizes":"32,37,44","countdown":0,"gravityY":500},"layers":[[{"params":{"wireframe":false,"type":1,"straightSides":true,"snapToGrid":false,"vertices":[{"x":0,"y":0,"length":0},{"x":52,"y":-10,"length":52.952809179494906},{"x":105,"y":-33,"length":110.06361796706484},{"x":154,"y":-71,"length":169.57889019568444},{"x":181,"y":-109,"length":211.28653530218153},{"x":208,"y":-160,"length":262.41951146970763},{"x":233,"y":-203,"length":309.0275068662982},{"x":259,"y":-237,"length":351.0697936308392},{"x":299,"y":-266,"length":400.1962018810274},{"x":347,"y":-280,"length":445.88002870727456},{"x":393,"y":-284,"length":484.87627287793737},{"x":432,"y":-278,"length":513.7197679669335},{"x":479,"y":-252,"length":541.2439376103903},{"x":515,"y":-220,"length":560.0223209837266},{"x":539,"y":-188,"length":570.8458636094335},{"x":554,"y":-153,"length":574.7390712314589},{"x":562,"y":-112,"length":573.0514811079368},{"x":555,"y":-52,"length":557.4307131832619},{"x":535,"y":5,"length":535.0233639758175}],"originOffsetRatio":0,"density":"1","action":0,"physic":true,"shapeH":19,"rotation":0,"stretchTexture":false,"height":305.05,"x":6860,"isStatic":true,"repeatTexture":true,"id":-1,"width":578.1,"textureOffset":0,"safeId":-1,"graphic":true,"smoothing":true,"y":370,"textureMode":true},"className":"frg.game.editor.objects::DynamicPather"},{"params":{"wireframe":false,"type":1,"straightSides":true,"snapToGrid":false,"vertices":[{"x":0,"y":0,"length":0},{"x":6228,"y":-36,"length":6228.1040453736805}],"originOffsetRatio":0,"density":"1","action":0,"physic":true,"shapeH":19,"rotation":0,"stretchTexture":false,"height":55,"x":15273,"isStatic":true,"repeatTexture":true,"id":-1,"width":6241,"textureOffset":0,"safeId":-1,"graphic":true,"smoothing":true,"y":-1957,"textureMode":true},"className":"frg.game.editor.objects::DynamicPather"},{"params":{"wireframe":false,"type":1,"straightSides":true,"snapToGrid":false,"vertices":[{"x":0,"y":0,"length":0},{"x":-21,"y":-54,"length":57.9396237474839},{"x":-29,"y":-110,"length":113.75851616472501},{"x":-21,"y":-151,"length":152.45327152934436},{"x":-7,"y":-183,"length":183.13383084509536},{"x":16,"y":-219,"length":219.58369702689677},{"x":47,"y":-249,"length":253.39692184397188},{"x":87,"y":-269,"length":282.71894170713074},{"x":142,"y":-281,"length":314.8412298286233},{"x":184,"y":-281,"length":335.882419903156},{"x":221,"y":-272,"length":350.46397817750113},{"x":254,"y":-255,"length":359.9180462271932},{"x":287,"y":-225,"length":364.6834243559748},{"x":308,"y":-193,"length":363.4735203560226},{"x":330,"y":-152,"length":363.3235472688221},{"x":354,"y":-104,"length":368.96070251450897},{"x":385,"y":-66,"length":390.6161799004235},{"x":429,"y":-32,"length":430.1918176813687},{"x":474,"y":-14,"length":474.20670598379354},{"x":539,"y":6,"length":539.033394141773}],"originOffsetRatio":0,"density":"1","action":0,"physic":true,"shapeH":19,"rotation":0,"stretchTexture":false,"height":305.6,"x":5900,"isStatic":true,"repeatTexture":true,"id":-1,"width":584.15,"textureOffset":0,"safeId":-1,"graphic":true,"smoothing":true,"y":370,"textureMode":true},"className":"frg.game.editor.objects::DynamicPather"},{"params":{"wireframe":false,"type":1,"straightSides":true,"snapToGrid":false,"vertices":[{"x":0,"y":0,"length":0},{"x":-21,"y":-54,"length":57.9396237474839},{"x":-29,"y":-110,"length":113.75851616472501},{"x":-21,"y":-151,"length":152.45327152934436},{"x":-7,"y":-183,"length":183.13383084509536},{"x":16,"y":-219,"length":219.58369702689677},{"x":47,"y":-249,"length":253.39692184397188},{"x":87,"y":-269,"length":282.71894170713074},{"x":142,"y":-281,"length":314.8412298286233},{"x":184,"y":-281,"length":335.882419903156},{"x":221,"y":-272,"length":350.46397817750113},{"x":254,"y":-255,"length":359.9180462271932},{"x":287,"y":-225,"length":364.6834243559748},{"x":308,"y":-193,"length":363.4735203560226},{"x":330,"y":-152,"length":363.3235472688221},{"x":354,"y":-104,"length":368.96070251450897},{"x":385,"y":-66,"length":390.6161799004235},{"x":429,"y":-32,"length":430.1918176813687},{"x":474,"y":-14,"length":474.20670598379354},{"x":539,"y":6,"length":539.033394141773}],"originOffsetRatio":0,"density":"1","action":0,"physic":true,"shapeH":19,"rotation":0,"stretchTexture":false,"height":305.6,"x":7500,"isStatic":true,"repeatTexture":true,"id":-1,"width":584.15,"textureOffset":0,"safeId":-1,"graphic":true,"smoothing":true,"y":370,"textureMode":true},"className":"frg.game.editor.objects::DynamicPather"},{"params":{"wireframe":false,"type":1,"straightSides":true,"snapToGrid":false,"vertices":[{"x":0,"y":0,"length":0},{"x":4,"y":-1697,"length":1697.0047141949842}],"originOffsetRatio":0,"density":"1","action":0,"physic":true,"shapeH":19,"rotation":0,"stretchTexture":false,"height":1710,"x":21510,"isStatic":true,"repeatTexture":true,"id":-1,"width":23,"textureOffset":0,"safeId":-1,"graphic":true,"smoothing":true,"y":-297,"textureMode":true},"className":"frg.game.editor.objects::DynamicPather"},{"params":{"wireframe":false,"type":1,"straightSides":true,"snapToGrid":false,"vertices":[{"x":-3,"y":5,"length":5.830951894845301},{"x":52,"y":-10,"length":52.952809179494906},{"x":105,"y":-33,"length":110.06361796706484},{"x":154,"y":-71,"length":169.57889019568444},{"x":181,"y":-109,"length":211.28653530218153},{"x":208,"y":-160,"length":262.41951146970763},{"x":233,"y":-203,"length":309.0275068662982},{"x":259,"y":-237,"length":351.0697936308392},{"x":299,"y":-266,"length":400.1962018810274},{"x":347,"y":-280,"length":445.88002870727456},{"x":393,"y":-284,"length":484.87627287793737},{"x":432,"y":-278,"length":513.7197679669335},{"x":479,"y":-252,"length":541.2439376103903},{"x":515,"y":-220,"length":560.0223209837266},{"x":539,"y":-188,"length":570.8458636094335},{"x":554,"y":-153,"length":574.7390712314589},{"x":562,"y":-112,"length":573.0514811079368},{"x":555,"y":-52,"length":557.4307131832619},{"x":535,"y":5,"length":535.0233639758175}],"originOffsetRatio":0,"density":"1","action":0,"physic":true,"shapeH":19,"rotation":0,"stretchTexture":false,"height":307.7,"x":5260,"isStatic":true,"repeatTexture":true,"id":-1,"width":581.1,"textureOffset":0,"safeId":-1,"graphic":true,"smoothing":true,"y":370,"textureMode":true},"className":"frg.game.editor.objects::DynamicPather"},{"params":{"layer":2,"vertices":[{"x":-955,"y":-690,"length":1178.1871667948178},{"x":-335,"y":-855,"length":918.2864476839458},{"x":105,"y":-765,"length":772.172260574025},{"x":80,"y":-15,"length":81.39410298049853},{"x":-280,"y":410,"length":496.4876634922564},{"x":-100,"y":530,"length":539.351462406472},{"x":355,"y":90,"length":366.23080154459973},{"x":485,"y":90,"length":493.27983944207574},{"x":515,"y":1690,"length":1766.7272002207924},{"x":-1070,"y":1595,"length":1920.6574395242897},{"x":-1120,"y":645,"length":1292.4492253082904}],"density":1,"safeId":-1,"physic":true,"rem":true,"rotation":0,"plr":false,"line":true,"x":310,"isStatic":true,"id":-1,"isWheel":false,"ignore":false,"graphic":true,"y":270},"className":"frg.game.editor.objects::LandscapeShaper"},{"params":{"layer":4,"vertices":[{"x":45,"y":-75,"length":87.46427842267951},{"x":99,"y":-70,"length":121.24768039018313},{"x":130,"y":-48,"length":138.57849761056005},{"x":119,"y":-42,"length":126.19429464123962},{"x":107,"y":-41,"length":114.58621208504974},{"x":97,"y":-35,"length":103.12128781197411},{"x":91,"y":-27,"length":94.92101980067429},{"x":92,"y":-16,"length":93.38094023943002},{"x":94,"y":-8,"length":94.33981132056604},{"x":102,"y":-1,"length":102.00490184299969},{"x":114,"y":1,"length":114.00438588054409},{"x":130,"y":-1,"length":130.00384609695206},{"x":141,"y":-3,"length":141.0319112825179},{"x":157,"y":-6,"length":157.1146078504478},{"x":176,"y":-4,"length":176.0454486773231},{"x":195,"y":0,"length":195},{"x":210,"y":-2,"length":210.00952359357422},{"x":217,"y":-11,"length":217.27862297059966},{"x":221,"y":-22,"length":222.0923231451281},{"x":218,"y":-33,"length":220.4835594777987},{"x":212,"y":-42,"length":216.1203368496357},{"x":201,"y":-46,"length":206.196508214858},{"x":193,"y":-47,"length":198.64037857394453},{"x":174,"y":-50,"length":181.0414317221337},{"x":206,"y":-76,"length":219.57231155134292},{"x":233,"y":-52,"length":238.73206738936435},{"x":241,"y":-35,"length":243.52823244954578},{"x":228,"y":13,"length":228.3703133071372},{"x":150,"y":90,"length":174.92855684535903},{"x":-10,"y":-10,"length":14.142135623730951}],"density":1,"safeId":-1,"physic":true,"rem":true,"rotation":0,"plr":false,"line":true,"x":89,"isStatic":false,"id":2,"isWheel":false,"ignore":false,"graphic":false,"y":662},"className":"frg.game.editor.objects::LandscapeShaper"},{"params":{"wireframe":false,"vertices":[{"x":-145,"y":-100,"length":176.13914953808538},{"x":445,"y":-60,"length":449.02672526253934},{"x":1070,"y":-440,"length":1156.9356075426151},{"x":12965,"y":-415,"length":12971.640220110949},{"x":13730,"y":-1055,"length":13770.4729403169},{"x":21695,"y":-1110,"length":21723.37738474384}],"lineId":-1,"physic":false,"directed":false,"width":21853,"shape":false,"height":1114.6,"isRoad":false,"rotation":0,"textureMode":true,"straightSides":true,"originOffsetRatio":0,"cameraOffsetY":90,"stretchTexture":false,"thick":128,"repeatTexture":true,"line":true,"x":-220,"smoothing":true,"y":860,"direction":90,"textureOffset":0,"camera":true,"snapToGrid":true},"className":"frg.game.editor.objects::GroundPather"},{"params":{"wireframe":false,"type":7,"straightSides":true,"snapToGrid":false,"vertices":[{"x":-2,"y":7,"length":7.280109889280518},{"x":161,"y":-336,"length":372.5815347007954},{"x":193,"y":-336,"length":387.48548359906334},{"x":351,"y":5,"length":351.03561072916807}],"originOffsetRatio":0,"density":"1","action":0,"physic":true,"shapeH":16,"rotation":-3,"stretchTexture":false,"height":357.5,"x":1657,"isStatic":true,"repeatTexture":true,"id":-1,"width":367.5,"textureOffset":0,"safeId":-1,"graphic":true,"smoothing":true,"y":225,"textureMode":true},"className":"frg.game.editor.objects::DynamicPather"},{"params":{"layer":6,"vertices":[{"x":-1,"y":-16,"length":16.0312195418814},{"x":20,"y":0,"length":20},{"x":43,"y":11,"length":44.384682042344295},{"x":68,"y":21,"length":71.16881339463234},{"x":98,"y":29,"length":102.20078277586722},{"x":131,"y":35,"length":135.5949851580065},{"x":167,"y":39,"length":171.49344010777787},{"x":201,"y":39,"length":204.74862636901864},{"x":240,"y":35,"length":242.53865671269807},{"x":279,"y":27,"length":280.30340704315387},{"x":315,"y":16,"length":315.40608744918035},{"x":350,"y":0,"length":350},{"x":378,"y":-19,"length":378.4772119956497},{"x":404,"y":25,"length":404.7727757643787},{"x":371,"y":45,"length":373.7191458836435},{"x":338,"y":59,"length":343.11076928595526},{"x":300,"y":72,"length":308.5190431723786},{"x":251,"y":81,"length":263.74609001841145},{"x":217,"y":86,"length":233.42022191746798},{"x":176,"y":87,"length":196.32880583347927},{"x":134,"y":84,"length":158.15182578775372},{"x":95,"y":78,"length":122.9186723000212},{"x":63,"y":70,"length":94.17536832951598},{"x":27,"y":59,"length":64.88451279003334},{"x":-5,"y":45,"length":45.27692569068709},{"x":-35,"y":25,"length":43.01162633521314}],"density":1,"safeId":-1,"physic":true,"rem":true,"rotation":-3,"plr":false,"line":true,"x":1647,"isStatic":true,"id":-1,"isWheel":false,"ignore":false,"graphic":true,"y":216},"className":"frg.game.editor.objects::LandscapeShaper"},{"params":{"wireframe":false,"type":7,"straightSides":true,"snapToGrid":false,"vertices":[{"x":-2,"y":7,"length":7.280109889280518},{"x":161,"y":-336,"length":372.5815347007954},{"x":193,"y":-336,"length":387.48548359906334},{"x":351,"y":5,"length":351.03561072916807}],"originOffsetRatio":0,"density":"1","action":0,"physic":true,"shapeH":16,"rotation":-3,"stretchTexture":false,"height":357.5,"x":2867,"isStatic":true,"repeatTexture":true,"id":-1,"width":367.5,"textureOffset":0,"safeId":-1,"graphic":true,"smoothing":true,"y":255,"textureMode":true},"className":"frg.game.editor.objects::DynamicPather"},{"params":{"layer":6,"vertices":[{"x":-1,"y":-16,"length":16.0312195418814},{"x":20,"y":0,"length":20},{"x":43,"y":11,"length":44.384682042344295},{"x":68,"y":21,"length":71.16881339463234},{"x":98,"y":29,"length":102.20078277586722},{"x":131,"y":35,"length":135.5949851580065},{"x":167,"y":39,"length":171.49344010777787},{"x":201,"y":39,"length":204.74862636901864},{"x":240,"y":35,"length":242.53865671269807},{"x":279,"y":27,"length":280.30340704315387},{"x":315,"y":16,"length":315.40608744918035},{"x":350,"y":0,"length":350},{"x":378,"y":-19,"length":378.4772119956497},{"x":404,"y":25,"length":404.7727757643787},{"x":371,"y":45,"length":373.7191458836435},{"x":338,"y":59,"length":343.11076928595526},{"x":300,"y":72,"length":308.5190431723786},{"x":251,"y":81,"length":263.74609001841145},{"x":217,"y":86,"length":233.42022191746798},{"x":176,"y":87,"length":196.32880583347927},{"x":134,"y":84,"length":158.15182578775372},{"x":95,"y":78,"length":122.9186723000212},{"x":63,"y":70,"length":94.17536832951598},{"x":27,"y":59,"length":64.88451279003334},{"x":-5,"y":45,"length":45.27692569068709},{"x":-35,"y":25,"length":43.01162633521314}],"density":1,"safeId":-1,"physic":true,"rem":true,"rotation":-3,"plr":false,"line":true,"x":2857,"isStatic":true,"id":-1,"isWheel":false,"ignore":false,"graphic":true,"y":246},"className":"frg.game.editor.objects::LandscapeShaper"},{"params":{"layer":3,"vertices":[{"x":0,"y":2,"length":2},{"x":31,"y":-15,"length":34.438350715445125},{"x":72,"y":-22,"length":75.28612089887484},{"x":111,"y":-18,"length":112.44998888394787},{"x":146,"y":-2,"length":146.01369798755184},{"x":177,"y":22,"length":178.36199146679206},{"x":198,"y":57,"length":206.0412580043133},{"x":207,"y":95,"length":227.75864418282788},{"x":206,"y":131,"length":244.12496799794977},{"x":191,"y":172,"length":257.0311265197272},{"x":161,"y":208,"length":263.0304164920856},{"x":124,"y":228,"length":259.53805116013336},{"x":71,"y":239,"length":249.32308356828895},{"x":28,"y":231,"length":232.69078194032525},{"x":-5,"y":210,"length":210.05951537600004},{"x":-30,"y":185,"length":187.41664813991312},{"x":-48,"y":149,"length":156.54072952429985},{"x":-54,"y":110,"length":122.53978945632312},{"x":-48,"y":72,"length":86.53323061113575},{"x":-30,"y":34,"length":45.34313619501854}],"density":1,"safeId":1,"physic":true,"rem":true,"rotation":0,"plr":true,"line":true,"x":5777,"isStatic":false,"id":-1,"isWheel":false,"ignore":false,"graphic":true,"y":-95},"className":"frg.game.editor.objects::LandscapeShaper"},{"params":{"layer":3,"vertices":[{"x":0,"y":2,"length":2},{"x":31,"y":-15,"length":34.438350715445125},{"x":72,"y":-22,"length":75.28612089887484},{"x":111,"y":-18,"length":112.44998888394787},{"x":146,"y":-2,"length":146.01369798755184},{"x":177,"y":22,"length":178.36199146679206},{"x":198,"y":57,"length":206.0412580043133},{"x":207,"y":95,"length":227.75864418282788},{"x":206,"y":131,"length":244.12496799794977},{"x":191,"y":172,"length":257.0311265197272},{"x":161,"y":208,"length":263.0304164920856},{"x":124,"y":228,"length":259.53805116013336},{"x":71,"y":239,"length":249.32308356828895},{"x":28,"y":231,"length":232.69078194032525},{"x":-5,"y":210,"length":210.05951537600004},{"x":-30,"y":185,"length":187.41664813991312},{"x":-48,"y":149,"length":156.54072952429985},{"x":-54,"y":110,"length":122.53978945632312},{"x":-48,"y":72,"length":86.53323061113575},{"x":-30,"y":34,"length":45.34313619501854}],"density":1,"safeId":1,"physic":true,"rem":true,"rotation":0,"plr":true,"line":true,"x":7369,"isStatic":false,"id":-1,"isWheel":false,"ignore":false,"graphic":true,"y":-96},"className":"frg.game.editor.objects::LandscapeShaper"},{"params":{"height":1643,"x":21270,"y":-1118,"rotation":0,"width":450},"className":"FinishZone"},{"params":{"wireframe":false,"type":5,"straightSides":true,"snapToGrid":false,"vertices":[{"x":-8,"y":5,"length":9.433981132056603},{"x":-8,"y":-1684,"length":1684.019002268086}],"originOffsetRatio":0,"density":"1","action":0,"physic":true,"shapeH":64,"rotation":0,"stretchTexture":false,"height":1702,"x":21497,"isStatic":true,"repeatTexture":true,"id":-1,"width":64,"textureOffset":0,"safeId":-1,"graphic":true,"smoothing":true,"y":-307,"textureMode":true},"className":"frg.game.editor.objects::DynamicPather"},{"params":{"wireframe":false,"vertices":[{"x":1505,"y":-460,"length":1573.7296464132587},{"x":1590,"y":-460,"length":1655.2039149301213},{"x":1620,"y":-420,"length":1673.5590817177624},{"x":4810,"y":-435,"length":4829.629903004991},{"x":4840,"y":-460,"length":4861.810362406169},{"x":8835,"y":-450,"length":8846.45267889904},{"x":9895,"y":-425,"length":9904.12287888231},{"x":12420,"y":-425,"length":12427.26941045377},{"x":13210,"y":-420,"length":13216.675073557646},{"x":13215,"y":-370,"length":13220.178705297443},{"x":13270,"y":-370,"length":13275.157249539458},{"x":13275,"y":-420,"length":13281.64240596772},{"x":13515,"y":-420,"length":13521.524507243996},{"x":13522,"y":-483,"length":13530.623525913357},{"x":13550,"y":-529,"length":13560.322304429199},{"x":14090,"y":-1045,"length":14128.69863080107},{"x":14131,"y":-1074,"length":14171.7549019167},{"x":14182,"y":-1079,"length":14222.987203819035},{"x":16990,"y":-1085,"length":17024.609393463335},{"x":24750,"y":-1140,"length":24776.240634930877}],"lineId":0,"physic":true,"directed":true,"width":23258,"shape":true,"height":834,"isRoad":true,"rotation":0,"textureMode":true,"straightSides":true,"originOffsetRatio":0,"cameraOffsetY":170,"stretchTexture":false,"thick":128,"repeatTexture":true,"line":true,"x":-799,"smoothing":true,"y":818,"direction":90,"textureOffset":0,"camera":false,"snapToGrid":true},"className":"frg.game.editor.objects::GroundPather"},{"params":{"wireframe":false,"type":5,"straightSides":true,"snapToGrid":false,"vertices":[{"x":0,"y":0,"length":0},{"x":5194,"y":-48,"length":5194.221789642795}],"originOffsetRatio":0,"density":"1","action":0,"physic":true,"shapeH":64,"rotation":0,"stretchTexture":false,"height":112,"x":16300,"isStatic":true,"repeatTexture":true,"id":-1,"width":5207,"textureOffset":0,"safeId":-1,"graphic":true,"smoothing":true,"y":-270,"textureMode":true},"className":"frg.game.editor.objects::DynamicPather"},{"params":{"wireframe":false,"type":5,"straightSides":true,"snapToGrid":false,"vertices":[{"x":0,"y":0,"length":0},{"x":3193,"y":-13,"length":3193.026464030638}],"originOffsetRatio":0,"density":"1","action":0,"physic":true,"shapeH":64,"rotation":0,"stretchTexture":false,"height":77,"x":820,"isStatic":true,"repeatTexture":true,"id":-1,"width":3206,"textureOffset":0,"safeId":-1,"graphic":true,"smoothing":true,"y":390,"textureMode":true},"className":"frg.game.editor.objects::DynamicPather"},{"params":{"wireframe":false,"type":1,"straightSides":true,"snapToGrid":false,"vertices":[{"x":-35,"y":-1424,"length":1424.4300614631804},{"x":-886,"y":-498,"length":1016.366075781753},{"x":-932,"y":-439,"length":1030.2159967696095},{"x":-959,"y":-385,"length":1033.3953744816163},{"x":-974,"y":-345,"length":1033.2961821278543},{"x":-983,"y":-297,"length":1026.887530355686},{"x":-987,"y":-245,"length":1016.9532929294246},{"x":-982,"y":-193,"length":1000.7861909518936},{"x":-972,"y":-153,"length":983.9679872841392},{"x":-953,"y":-106,"length":958.8769472669577},{"x":-928,"y":-63,"length":930.1360115595999},{"x":-899,"y":-27,"length":899.4053591123416},{"x":-869,"y":1,"length":869.0005753738026},{"x":-829,"y":29,"length":829.5070825496308},{"x":-785,"y":51,"length":786.6549434154723},{"x":-739,"y":67,"length":742.0309966571477},{"x":-698,"y":75,"length":702.0178060419835},{"x":-649,"y":78,"length":653.670406244615},{"x":-62,"y":73,"length":95.77577981932593},{"x":-2,"y":59,"length":59.033888572581766},{"x":47,"y":37,"length":59.81638571495272},{"x":100,"y":0,"length":100}],"originOffsetRatio":0,"density":"1","action":0,"physic":true,"shapeH":19,"rotation":0,"stretchTexture":false,"height":1518,"x":15315,"isStatic":true,"repeatTexture":true,"id":-1,"width":1103.05,"textureOffset":0,"safeId":-1,"graphic":true,"smoothing":true,"y":-533,"textureMode":true},"className":"frg.game.editor.objects::DynamicPather"},{"params":{"layer":6,"vertices":[{"x":0,"y":-465,"length":465},{"x":55,"y":-465,"length":468.2413907377262},{"x":55,"y":35,"length":65.19202405202648},{"x":260,"y":35,"length":262.3451924468981},{"x":260,"y":-465,"length":532.7522876534647},{"x":310,"y":-465,"length":558.8604476969183},{"x":335,"y":70,"length":342.23529917295207},{"x":336,"y":113,"length":354.4925951271761},{"x":330,"y":149,"length":362.0787207224418},{"x":317,"y":181,"length":365.0342449688796},{"x":297,"y":210,"length":363.7430411705494},{"x":275,"y":236,"length":362.38239471585814},{"x":242,"y":262,"length":356.6623052692841},{"x":210,"y":278,"length":348.40206658399717},{"x":171,"y":285,"length":332.3642580061821},{"x":132,"y":285,"length":314.08438356594553},{"x":92,"y":277,"length":291.87839933780646},{"x":57,"y":263,"length":269.1059270993487},{"x":35,"y":245,"length":247.48737341529164},{"x":11,"y":223,"length":223.27113561766106},{"x":-7,"y":201,"length":201.12185361118767},{"x":-24,"y":165,"length":166.73631877908304},{"x":-33,"y":127,"length":131.21737689803132},{"x":-35,"y":80,"length":87.32124598286491}],"density":1,"safeId":-1,"physic":false,"rem":true,"rotation":45,"plr":false,"line":true,"x":100,"isStatic":true,"id":-1,"isWheel":false,"ignore":false,"graphic":true,"y":530},"className":"frg.game.editor.objects::LandscapeShaper"},{"params":{"wireframe":false,"type":5,"straightSides":true,"snapToGrid":false,"vertices":[{"x":-13,"y":-2,"length":13.152946437965905},{"x":-5,"y":-52,"length":52.23983154643591},{"x":5,"y":-90,"length":90.13878188659973},{"x":32,"y":-131,"length":134.8517704741024},{"x":569,"y":-645,"length":860.1081327368089},{"x":599,"y":-667,"length":896.4875905443421},{"x":634,"y":-682,"length":931.1713053998174},{"x":667,"y":-681,"length":953.2313465261201},{"x":698,"y":-674,"length":970.2989230129033}],"originOffsetRatio":0,"density":"1","action":0,"physic":true,"shapeH":64,"rotation":0,"stretchTexture":false,"height":718.7,"x":12720,"isStatic":true,"repeatTexture":true,"id":-1,"width":749.65,"textureOffset":0,"safeId":-1,"graphic":true,"smoothing":true,"y":410,"textureMode":true},"className":"frg.game.editor.objects::DynamicPather"},{"params":{"layer":3,"vertices":[{"x":1000,"y":0,"length":1000},{"x":982,"y":183,"length":998.9059014742079},{"x":932,"y":361,"length":999.4723607984365},{"x":850,"y":526,"length":999.5879150930148},{"x":739,"y":673,"length":999.5248871338822},{"x":602,"y":798,"length":999.6039215609351},{"x":445,"y":895,"length":999.5248871338822},{"x":273,"y":961,"length":999.0245242235047},{"x":92,"y":995,"length":999.2442143940589},{"x":-92,"y":995,"length":999.2442143940589},{"x":-273,"y":961,"length":999.0245242235047},{"x":-445,"y":895,"length":999.5248871338822},{"x":-602,"y":798,"length":999.6039215609351},{"x":-739,"y":673,"length":999.5248871338822},{"x":-850,"y":526,"length":999.5879150930148},{"x":-932,"y":361,"length":999.4723607984365},{"x":-982,"y":183,"length":998.9059014742079},{"x":-997,"y":27,"length":997.3655297833387},{"x":-1000,"y":0,"length":1000},{"x":-974,"y":0,"length":974},{"x":973,"y":2,"length":973.0020554962872}],"density":1,"safeId":-1,"physic":true,"rem":true,"rotation":180,"plr":false,"line":true,"x":10196,"isStatic":false,"id":-1,"isWheel":false,"ignore":false,"graphic":true,"y":117},"className":"frg.game.editor.objects::LandscapeShaper"}],[{"params":{"height":128.35,"x":4250,"y":300,"rotation":0,"scaleX":1,"scaleY":1,"width":9.3},"className":"SignPillar"},{"params":{"height":128.35,"x":8660,"y":331,"rotation":0,"scaleX":1,"scaleY":1,"width":9.3},"className":"SignPillar"},{"params":{"height":128.35,"x":11820,"y":340,"rotation":0,"scaleX":1,"scaleY":1,"width":9.3},"className":"SignPillar"},{"params":{"height":128.35,"x":14160,"y":-325,"rotation":0,"scaleX":1,"scaleY":1,"width":9.3},"className":"SignPillar"},{"params":{"height":128.35,"x":753,"y":300,"rotation":0,"scaleX":1,"scaleY":1,"width":9.3},"className":"SignPillar"},{"params":{"height":35.15,"x":760,"y":240,"rotation":-18,"width":110.7},"className":"Sign15"},{"params":{"height":132.25,"x":4212,"y":239,"rotation":0,"scaleX":1,"scaleY":1,"width":87.85},"className":"Dec15"},{"params":{"height":238.5,"x":5160,"y":250,"rotation":15,"scaleX":1,"scaleY":1,"width":118.55},"className":"Dec16"},{"params":{"height":240.35,"x":5040,"y":260,"rotation":0,"scaleX":1,"scaleY":1,"width":139.45},"className":"Dec13"},{"params":{"height":238.5,"x":6710,"y":250,"rotation":0,"scaleX":1,"scaleY":1,"width":118.55},"className":"Dec16"},{"params":{"height":132.25,"x":8630,"y":271,"rotation":0,"scaleX":1,"scaleY":1,"width":87.85},"className":"Dec15"},{"params":{"height":238.5,"x":12220,"y":280,"rotation":-21,"scaleX":1,"scaleY":1,"width":118.55},"className":"Dec16"},{"params":{"height":331.2,"x":14390,"y":-380,"rotation":0,"scaleX":1,"scaleY":1,"width":264},"className":"Dec14"}],[{"params":{"height":18,"x":16391,"y":-891,"rotation":-139,"safeId":4,"ttl":0.5,"width":66},"className":"GlassCrashed1"},{"params":{"height":18,"x":16434,"y":-847,"rotation":-130.00000000000006,"safeId":4,"ttl":0.5,"width":66},"className":"GlassCrashed1"},{"params":{"height":18,"x":16470,"y":-795,"rotation":-120,"safeId":4,"ttl":0.5,"width":66},"className":"GlassCrashed1"},{"params":{"height":18,"x":16496,"y":-737,"rotation":-109,"safeId":4,"ttl":0.5,"width":66},"className":"GlassCrashed1"},{"params":{"height":18,"x":16511,"y":-676,"rotation":-98,"safeId":4,"ttl":0.5,"width":66},"className":"GlassCrashed1"},{"params":{"height":18,"x":16515,"y":-613,"rotation":-89.99999999999994,"safeId":4,"ttl":0.5,"width":66},"className":"GlassCrashed1"},{"params":{"height":18,"x":16509,"y":-551,"rotation":-79.99999999999991,"safeId":4,"ttl":0.5,"width":66},"className":"GlassCrashed1"},{"params":{"height":18,"x":16492,"y":-491,"rotation":-68.99999999999994,"safeId":4,"ttl":0.5,"width":66},"className":"GlassCrashed1"},{"params":{"height":18,"x":16464,"y":-434,"rotation":-59,"safeId":4,"ttl":0.5,"width":66},"className":"GlassCrashed1"},{"params":{"height":18,"x":16427,"y":-384,"rotation":-49,"safeId":4,"ttl":0.5,"width":66},"className":"GlassCrashed1"},{"params":{"height":18,"x":16382,"y":-340,"rotation":-39.999999999999986,"safeId":4,"ttl":0.5,"width":66},"className":"GlassCrashed1"},{"params":{"height":18,"x":16330,"y":-305,"rotation":-30,"safeId":4,"ttl":0.5,"width":66},"className":"GlassCrashed1"},{"params":{"height":18,"x":16274,"y":-280,"rotation":-18.999999999999993,"safeId":4,"ttl":0.5,"width":66},"className":"GlassCrashed1"},{"params":{"height":18,"x":16219,"y":-265,"rotation":-10.000000000000009,"safeId":4,"ttl":0.5,"width":66},"className":"GlassCrashed1"},{"params":{"height":18,"x":16285,"y":-957,"rotation":-157.99999999999994,"safeId":4,"ttl":0.5,"width":66},"className":"GlassCrashed1"},{"params":{"height":18,"x":16341,"y":-928,"rotation":-147.99999999999994,"safeId":4,"ttl":0.5,"width":66},"className":"GlassCrashed1"},{"params":{"stones":false,"safeId":-1,"physic":false,"impulse":4000,"rotation":33,"height":53.2,"x":204,"id":1,"count":40,"radius":64,"y":764,"width":53.2},"className":"Tnt1"},{"params":{"stones":false,"safeId":-1,"physic":false,"impulse":3000,"rotation":33,"height":53.2,"x":89,"id":1,"count":40,"radius":64,"y":691,"width":53.2},"className":"Tnt1"},{"params":{"stones":false,"safeId":-1,"physic":false,"impulse":3000,"rotation":33,"height":53.2,"x":149,"id":1,"count":40,"radius":64,"y":731,"width":53.2},"className":"Tnt1"},{"params":{"stones":false,"safeId":3,"physic":true,"impulse":4970,"rotation":0,"height":53.2,"x":12444,"id":31,"count":25,"radius":64,"y":423,"width":53.2},"className":"Tnt1"},{"params":{"rate":1,"height":128,"x":13390,"id":-1,"rotation":54,"safeId":3,"speed":1000,"y":-600,"width":718},"className":"GeyserE"},{"params":{"rate":1,"height":128,"x":13500,"id":-1,"rotation":54,"safeId":3,"speed":1000,"y":-680,"width":718},"className":"GeyserE"},{"params":{"rate":1,"height":128,"x":13610,"id":-1,"rotation":54,"safeId":3,"speed":1000,"y":-760,"width":718},"className":"GeyserE"},{"params":{"height":99,"force":8000,"y":-320,"rotation":0,"safeId":4,"x":15810,"time":2,"width":100},"className":"BoostE"},{"params":{"height":99,"force":8000,"y":-550,"rotation":0,"safeId":4,"x":15250,"time":4,"width":100},"className":"BoostE"},{"params":{"type":0,"x":9682,"id":-1,"active":true,"safeId":-1,"height":72,"y":359,"rotation":0,"width":12.3},"className":"Removed0"},{"params":{"type":0,"x":9682,"id":-1,"active":true,"safeId":-1,"height":72,"y":289,"rotation":0,"width":12.3},"className":"Removed0"},{"params":{"type":0,"x":9682,"id":-1,"active":true,"safeId":-1,"height":72,"y":219,"rotation":0,"width":12.3},"className":"Removed0"},{"params":{"type":0,"x":9682,"id":-1,"active":true,"safeId":-1,"height":72,"y":149,"rotation":0,"width":12.3},"className":"Removed0"},{"params":{"type":0,"x":10862,"id":22,"active":true,"safeId":-1,"height":72,"y":221,"rotation":0,"width":12.3},"className":"Removed0"},{"params":{"type":0,"x":10862,"id":22,"active":true,"safeId":-1,"height":72,"y":151,"rotation":0,"width":12.3},"className":"Removed0"},{"params":{"type":0,"x":10862,"id":22,"active":true,"safeId":-1,"height":72,"y":361,"rotation":0,"width":12.3},"className":"Removed0"},{"params":{"type":0,"x":10862,"id":22,"active":true,"safeId":-1,"height":72,"y":291,"rotation":0,"width":12.3},"className":"Removed0"}],null,[{"params":{"height":32,"x":239,"y":582,"rotation":0,"width":64},"className":"PlayerWP"},{"params":{"height":2899,"x":4250,"y":230,"width":128,"id":1,"rotation":0},"className":"SafePointE"},{"params":{"height":1617,"x":8660,"y":261,"width":128,"id":2,"rotation":0},"className":"SafePointE"},{"params":{"height":1080,"x":11820,"y":270,"width":128,"id":3,"rotation":0},"className":"SafePointE"},{"params":{"height":1518,"x":14160,"y":-400,"width":128,"id":4,"rotation":0},"className":"SafePointE"}],[{"params":{"height":64,"hint":-1,"id":1,"rotation":0,"safeId":-1,"x":250,"off":false,"id_off":-1,"y":690,"width":393,"sndId":-1},"className":"ToggleE"},{"params":{"height":64,"hint":-1,"id":2,"rotation":0,"safeId":-1,"x":380,"off":false,"id_off":-1,"y":460,"width":393,"sndId":-1},"className":"ToggleE"},{"params":{"height":1079,"hint":-1,"id":3,"rotation":0,"safeId":1,"x":4680,"off":false,"id_off":-1,"y":-70,"width":64,"sndId":-1},"className":"ToggleE"},{"params":{"safeId":1,"rotation":0,"rate":180,"height":17,"x":7450,"id":3,"useWeld":false,"snd":false,"graphic":1,"time":0,"y":10,"width":17},"className":"MotorJointE"},{"params":{"height":1138,"hint":-1,"id":31,"rotation":0,"safeId":3,"x":12555,"off":false,"id_off":-1,"y":265,"width":64,"sndId":-1},"className":"ToggleE"},{"params":{"height":1834,"hint":-1,"id":11,"rotation":0,"safeId":3,"x":11970,"off":false,"id_off":-1,"y":340,"width":64,"sndId":-1},"className":"ToggleE"},{"params":{"safeId":1,"rotation":0,"rate":180,"height":17,"x":5852,"id":3,"useWeld":false,"snd":false,"graphic":1,"time":0,"y":11,"width":17},"className":"MotorJointE"},{"params":{"height":17,"x":9650,"id":21,"rotation":0,"safeId":-1,"graphic":0,"y":100,"width":17},"className":"PivotJointE"},{"params":{"height":729,"hint":-1,"id":21,"rotation":0,"safeId":-1,"x":9720,"off":false,"id_off":-1,"y":240,"width":64,"sndId":-1},"className":"ToggleE"},{"params":{"height":729,"hint":-1,"id":22,"rotation":0,"safeId":-1,"x":10900,"off":false,"id_off":-1,"y":242,"width":64,"sndId":-1},"className":"ToggleE"},{"params":{"height":17,"x":10830,"id":22,"rotation":0,"safeId":-1,"graphic":0,"y":102,"width":17},"className":"PivotJointE"}]]}