{"settings":{"theme":6,"prizes":"33,39,48","countdown":0,"gravityY":500},"layers":[[{"params":{"layer":0,"vertices":[{"x":-215,"y":0,"length":215},{"x":11,"y":1,"length":11.045361017187261},{"x":47,"y":-4,"length":47.16990566028302},{"x":79,"y":-13,"length":80.06247560499239},{"x":106,"y":-28,"length":109.63576058932597},{"x":125,"y":-42,"length":131.86735759845953},{"x":147,"y":-60,"length":158.7734234687909},{"x":169,"y":-81,"length":187.40864441108366},{"x":187,"y":-107,"length":215.44836968517538},{"x":197,"y":-132,"length":237.1349826575573},{"x":204,"y":-168,"length":264.27258654654287},{"x":202,"y":-209,"length":290.66303514551004},{"x":196,"y":-251,"length":318.4603586005643},{"x":168,"y":-293,"length":337.7469466923424},{"x":202,"y":-291,"length":354.2386201418473},{"x":231,"y":-274,"length":358.381082090001},{"x":254,"y":-254,"length":359.21024484276614},{"x":277,"y":-224,"length":356.23728047468586},{"x":296,"y":-186,"length":349.5883293246501},{"x":304,"y":-151,"length":339.43629741086914},{"x":306,"y":-110,"length":325.17072438951203},{"x":297,"y":-66,"length":304.2449670906653},{"x":283,"y":-38,"length":285.53983960211224},{"x":263,"y":-7,"length":263.0931394012394},{"x":490,"y":-10,"length":490.10203019371386},{"x":365,"y":85,"length":374.7665940288702},{"x":-150,"y":85,"length":172.40939649566667}],"density":1,"safeId":3,"physic":true,"rem":true,"rotation":0,"plr":false,"line":true,"x":7089,"isStatic":false,"id":-1,"isWheel":false,"ignore":false,"graphic":true,"y":534},"className":"frg.game.editor.objects::LandscapeShaper"},{"params":{"sf":true,"bg":true,"x":5980,"vertices":[{"x":0,"y":0,"length":0},{"x":1655,"y":-5,"length":1655.0075528528564},{"x":1655,"y":365,"length":1694.7713710114413},{"x":0,"y":370,"length":370}],"id":-1,"density":1.5,"viscosity":1.5,"y":570,"rotation":0},"className":"frg.game.editor.objects::WaterShaper"},{"params":{"sf":true,"bg":true,"x":4730,"vertices":[{"x":0,"y":0,"length":0},{"x":260,"y":0,"length":260},{"x":260,"y":365,"length":448.13502429513363},{"x":0,"y":365,"length":365}],"id":-1,"density":1.5,"viscosity":1.5,"y":450,"rotation":0},"className":"frg.game.editor.objects::WaterShaper"},{"params":{"height":166,"x":1740,"directed":true,"isPillar":true,"y":139,"thick":128,"direction":90,"snapToGrid":false,"vertices":[{"x":609,"y":-227,"length":649.9307655435308},{"x":635,"y":-199,"length":665.4517262732136},{"x":666,"y":-159,"length":684.7167297503399},{"x":691,"y":-112,"length":700.0178569150933},{"x":704,"y":-74,"length":707.8785206516723}],"rotation":0,"width":108},"className":"frg.game.editor.objects::BonesPather"},{"params":{"height":261,"x":1380,"directed":true,"isPillar":true,"y":289,"thick":128,"direction":90,"snapToGrid":false,"vertices":[{"x":369,"y":-322,"length":489.73972679373276},{"x":425,"y":-314,"length":528.413663714329},{"x":488,"y":-298,"length":571.7936690800275},{"x":541,"y":-275,"length":606.8821961468304},{"x":591,"y":-238,"length":637.1224372128171},{"x":635,"y":-199,"length":665.4517262732136},{"x":666,"y":-159,"length":684.7167297503399},{"x":691,"y":-112,"length":700.0178569150933},{"x":704,"y":-74,"length":707.8785206516723}],"rotation":0,"width":348},"className":"frg.game.editor.objects::BonesPather"},{"params":{"height":210,"x":1870,"directed":true,"isPillar":true,"y":89,"thick":128,"direction":90,"snapToGrid":false,"vertices":[{"x":546,"y":-271,"length":609.5547555388277},{"x":591,"y":-238,"length":637.1224372128171},{"x":635,"y":-199,"length":665.4517262732136},{"x":666,"y":-159,"length":684.7167297503399},{"x":691,"y":-112,"length":700.0178569150933},{"x":704,"y":-74,"length":707.8785206516723}],"rotation":0,"width":171},"className":"frg.game.editor.objects::BonesPather"},{"params":{"height":211,"x":1490,"directed":true,"isPillar":true,"y":239,"thick":128,"direction":90,"snapToGrid":false,"vertices":[{"x":541,"y":-272,"length":605.528694613228},{"x":591,"y":-238,"length":637.1224372128171},{"x":635,"y":-199,"length":665.4517262732136},{"x":666,"y":-159,"length":684.7167297503399},{"x":691,"y":-112,"length":700.0178569150933},{"x":704,"y":-74,"length":707.8785206516723}],"rotation":0,"width":176},"className":"frg.game.editor.objects::BonesPather"},{"params":{"height":161,"x":1610,"directed":true,"isPillar":true,"y":189,"thick":128,"direction":90,"snapToGrid":false,"vertices":[{"x":597,"y":-222,"length":636.9403425753467},{"x":636,"y":-197,"length":665.8115348955739},{"x":666,"y":-159,"length":684.7167297503399},{"x":691,"y":-112,"length":700.0178569150933},{"x":704,"y":-74,"length":707.8785206516723}],"rotation":0,"width":120},"className":"frg.game.editor.objects::BonesPather"},{"params":{"layer":3,"vertices":[{"x":0,"y":2,"length":2},{"x":31,"y":-15,"length":34.438350715445125},{"x":72,"y":-22,"length":75.28612089887484},{"x":111,"y":-18,"length":112.44998888394787},{"x":146,"y":-2,"length":146.01369798755184},{"x":177,"y":22,"length":178.36199146679206},{"x":198,"y":57,"length":206.0412580043133},{"x":207,"y":95,"length":227.75864418282788},{"x":206,"y":131,"length":244.12496799794977},{"x":191,"y":172,"length":257.0311265197272},{"x":161,"y":208,"length":263.0304164920856},{"x":124,"y":228,"length":259.53805116013336},{"x":71,"y":239,"length":249.32308356828895},{"x":28,"y":231,"length":232.69078194032525},{"x":-5,"y":210,"length":210.05951537600004},{"x":-30,"y":185,"length":187.41664813991312},{"x":-48,"y":149,"length":156.54072952429985},{"x":-54,"y":110,"length":122.53978945632312},{"x":-48,"y":72,"length":86.53323061113575},{"x":-30,"y":34,"length":45.34313619501854}],"density":1,"safeId":1,"physic":true,"rem":true,"rotation":0,"plr":true,"line":true,"x":1425,"isStatic":false,"id":-1,"isWheel":false,"ignore":false,"graphic":true,"y":10},"className":"frg.game.editor.objects::LandscapeShaper"},{"params":{"wireframe":false,"vertices":[{"x":-525,"y":0,"length":525},{"x":1490,"y":0,"length":1490},{"x":2655,"y":-435,"length":2690.399598572673},{"x":3445,"y":5,"length":3445.003628445114},{"x":3695,"y":5,"length":3695.0033829483837},{"x":3700,"y":45,"length":3700.273638529994},{"x":3710,"y":78,"length":3710.8198555036324},{"x":3721,"y":109,"length":3722.596137106468},{"x":3734,"y":134,"length":3736.403618454516},{"x":3751,"y":160,"length":3754.410872560434},{"x":3777,"y":189,"length":3781.7257965114286},{"x":3808,"y":215,"length":3814.0646297617977},{"x":3837,"y":237,"length":3844.3124222674724},{"x":3866,"y":252,"length":3874.2044344613514},{"x":3898,"y":263,"length":3906.86229601198},{"x":3942,"y":272,"length":3951.3729259587735},{"x":3984,"y":275,"length":3993.479810891749},{"x":4362,"y":242,"length":4368.707818108233},{"x":4423,"y":232,"length":4429.080378588766},{"x":4468,"y":208,"length":4472.838919523036},{"x":4508,"y":181,"length":4511.632188022423},{"x":4542,"y":149,"length":4544.443310241641},{"x":4571,"y":107,"length":4572.252180271775},{"x":4597,"y":54,"length":4597.317152427055},{"x":4637,"y":52,"length":4637.29155865792},{"x":4635,"y":388,"length":4651.211562593127},{"x":4878,"y":389,"length":4893.485976274991},{"x":4881,"y":53,"length":4881.287739930929},{"x":4914,"y":50,"length":4914.254368670796},{"x":4938,"y":109,"length":4939.202870909435},{"x":4969,"y":149,"length":4971.233448551778},{"x":5000,"y":178,"length":5003.167396759776},{"x":5033,"y":203,"length":5037.092216745689},{"x":5069,"y":222,"length":5073.85898503299},{"x":5110,"y":235,"length":5115.400766313427},{"x":5157,"y":243,"length":5162.721956487682},{"x":5704,"y":240,"length":5709.046855649373},{"x":5761,"y":222,"length":5765.275795658002},{"x":5810,"y":194,"length":5813.237996160144},{"x":5844,"y":167,"length":5846.38563558717},{"x":5890,"y":164,"length":5892.282749495309},{"x":5893,"y":414,"length":5907.524439221559},{"x":7519,"y":416,"length":7530.499120244288},{"x":7539,"y":-2720,"length":8014.6691135691935},{"x":11629,"y":-2985,"length":12005.992920204477}],"lineId":0,"physic":true,"directed":true,"width":12167,"shape":true,"height":3465,"isRoad":true,"rotation":0,"textureMode":true,"straightSides":true,"originOffsetRatio":0,"cameraOffsetY":80,"stretchTexture":false,"thick":128,"repeatTexture":true,"line":true,"x":100,"smoothing":true,"y":390,"direction":90,"textureOffset":0,"camera":false,"snapToGrid":false},"className":"frg.game.editor.objects::GroundPather"},{"params":{"height":165,"x":1488,"directed":false,"isPillar":false,"y":116,"thick":16,"direction":90,"snapToGrid":true,"vertices":[{"x":0,"y":0,"length":0},{"x":25,"y":-45,"length":51.478150704935004},{"x":65,"y":-88,"length":109.40292500660117},{"x":110,"y":-120,"length":162.78820596099706},{"x":159,"y":-141,"length":212.51352898109803},{"x":215,"y":-149,"length":261.5836386320826},{"x":290,"y":-150,"length":326.49655434629017},{"x":375,"y":-150,"length":403.8873605350878},{"x":460,"y":-150,"length":483.83881613611777},{"x":545,"y":-150,"length":565.2654243804409},{"x":640,"y":-150,"length":657.3431371817918},{"x":695,"y":-150,"length":711.0028129339573},{"x":740,"y":-152,"length":755.4495350451941}],"rotation":0,"width":753},"className":"frg.game.editor.objects::BonesPather"},{"params":{"layer":3,"vertices":[{"x":0,"y":2,"length":2},{"x":31,"y":-15,"length":34.438350715445125},{"x":72,"y":-22,"length":75.28612089887484},{"x":111,"y":-18,"length":112.44998888394787},{"x":146,"y":-2,"length":146.01369798755184},{"x":177,"y":22,"length":178.36199146679206},{"x":198,"y":57,"length":206.0412580043133},{"x":207,"y":95,"length":227.75864418282788},{"x":206,"y":131,"length":244.12496799794977},{"x":191,"y":172,"length":257.0311265197272},{"x":161,"y":208,"length":263.0304164920856},{"x":124,"y":228,"length":259.53805116013336},{"x":71,"y":239,"length":249.32308356828895},{"x":28,"y":231,"length":232.69078194032525},{"x":-5,"y":210,"length":210.05951537600004},{"x":-30,"y":185,"length":187.41664813991312},{"x":-48,"y":149,"length":156.54072952429985},{"x":-54,"y":110,"length":122.53978945632312},{"x":-48,"y":72,"length":86.53323061113575},{"x":-30,"y":34,"length":45.34313619501854}],"density":1,"safeId":1,"physic":true,"rem":true,"rotation":0,"plr":true,"line":true,"x":2595,"isStatic":false,"id":-1,"isWheel":false,"ignore":false,"graphic":true,"y":-420},"className":"frg.game.editor.objects::LandscapeShaper"},{"params":{"height":220,"x":1260,"directed":true,"isPillar":true,"y":371,"thick":128,"direction":90,"snapToGrid":false,"vertices":[{"x":252,"y":-240,"length":348},{"x":268,"y":-271,"length":381.13645850272576},{"x":292,"y":-298,"length":417.21457309159274},{"x":329,"y":-315,"length":455.4843575799283},{"x":374,"y":-319,"length":491.5658653730952},{"x":425,"y":-314,"length":528.413663714329},{"x":488,"y":-298,"length":571.7936690800275},{"x":541,"y":-275,"length":606.8821961468304},{"x":591,"y":-238,"length":637.1224372128171},{"x":635,"y":-199,"length":665.4517262732136},{"x":666,"y":-159,"length":684.7167297503399},{"x":691,"y":-112,"length":700.0178569150933}],"rotation":0,"width":452},"className":"frg.game.editor.objects::BonesPather"},{"params":{"height":294,"x":2234,"directed":true,"isPillar":false,"y":-42,"thick":128,"direction":90,"snapToGrid":false,"vertices":[{"x":-5,"y":5,"length":7.0710678118654755},{"x":46,"y":-9,"length":46.87216658103186},{"x":93,"y":-30,"length":97.71898484941399},{"x":133,"y":-61,"length":146.32156368765337},{"x":163,"y":-102,"length":192.28364465029262},{"x":189,"y":-151,"length":241.91320757660174},{"x":215,"y":-196,"length":290.93126335957777},{"x":242,"y":-233,"length":335.93600581063055},{"x":283,"y":-262,"length":385.6591759572174},{"x":325,"y":-273,"length":424.4455206501772},{"x":376,"y":-276,"length":466.42469917447556},{"x":419,"y":-266,"length":496.303334665404},{"x":464,"y":-244,"length":524.2442178984905},{"x":503,"y":-210,"length":545.0770587724271},{"x":524,"y":-180,"length":554.0541489782385},{"x":538,"y":-142,"length":556.4242985348501},{"x":545,"y":-106,"length":555.2125719037709},{"x":540,"y":-52,"length":542.4979262633176},{"x":525,"y":-5,"length":525.0238089839355}],"rotation":0,"width":563},"className":"frg.game.editor.objects::BonesPather"},{"params":{"height":868,"x":2658,"directed":false,"isPillar":false,"y":-313,"thick":16,"direction":90,"snapToGrid":true,"vertices":[{"x":0,"y":0,"length":0},{"x":25,"y":-45,"length":51.478150704935004},{"x":65,"y":-88,"length":109.40292500660117},{"x":110,"y":-120,"length":162.78820596099706},{"x":159,"y":-141,"length":212.51352898109803},{"x":215,"y":-149,"length":261.5836386320826},{"x":290,"y":-150,"length":326.49655434629017},{"x":375,"y":-150,"length":403.8873605350878},{"x":460,"y":-150,"length":483.83881613611777},{"x":545,"y":-150,"length":565.2654243804409},{"x":640,"y":-150,"length":657.3431371817918},{"x":730,"y":-150,"length":745.2516353554684},{"x":800,"y":-150,"length":813.9410298049853},{"x":875,"y":-150,"length":887.7640452282352},{"x":945,"y":-150,"length":956.8307060290238},{"x":1015,"y":-150,"length":1026.023878864425},{"x":1080,"y":-150,"length":1090.366910723175},{"x":1140,"y":-150,"length":1149.826073804208},{"x":1170,"y":-130,"length":1177.2000679578641},{"x":1170,"y":-50,"length":1171.067888723792},{"x":1170,"y":20,"length":1170.1709276853533},{"x":1140,"y":20,"length":1140.175425099138},{"x":1140,"y":70,"length":1142.1471008587291},{"x":1140,"y":130,"length":1147.3883387938017},{"x":1140,"y":200,"length":1157.410903698423},{"x":1140,"y":270,"length":1171.537451385998},{"x":1140,"y":335,"length":1188.202423831899},{"x":1140,"y":420,"length":1214.9074038789952},{"x":1095,"y":470,"length":1191.6060590648237},{"x":1050,"y":520,"length":1171.7081547894084},{"x":1000,"y":575,"length":1153.5271995059327},{"x":955,"y":625,"length":1141.3369353525716},{"x":920,"y":665,"length":1135.1761977772437},{"x":885,"y":705,"length":1131.4813299387665}],"rotation":0,"width":1183},"className":"frg.game.editor.objects::BonesPather"},{"params":{"height":294,"x":1064,"directed":true,"isPillar":false,"y":388,"thick":128,"direction":90,"snapToGrid":false,"vertices":[{"x":-5,"y":5,"length":7.0710678118654755},{"x":46,"y":-9,"length":46.87216658103186},{"x":93,"y":-30,"length":97.71898484941399},{"x":133,"y":-61,"length":146.32156368765337},{"x":163,"y":-102,"length":192.28364465029262},{"x":189,"y":-151,"length":241.91320757660174},{"x":215,"y":-196,"length":290.93126335957777},{"x":242,"y":-233,"length":335.93600581063055},{"x":283,"y":-262,"length":385.6591759572174},{"x":325,"y":-273,"length":424.4455206501772},{"x":376,"y":-276,"length":466.42469917447556},{"x":419,"y":-266,"length":496.303334665404},{"x":464,"y":-244,"length":524.2442178984905},{"x":503,"y":-210,"length":545.0770587724271},{"x":524,"y":-180,"length":554.0541489782385},{"x":538,"y":-142,"length":556.4242985348501},{"x":545,"y":-106,"length":555.2125719037709},{"x":540,"y":-52,"length":542.4979262633176},{"x":525,"y":-5,"length":525.0238089839355}],"rotation":0,"width":563},"className":"frg.game.editor.objects::BonesPather"},{"params":{"height":1443,"x":4000,"directed":false,"isPillar":false,"y":50,"thick":16,"direction":90,"snapToGrid":true,"vertices":[{"x":205,"y":-1360,"length":1375.3635882922015},{"x":205,"y":-1295,"length":1311.1254707311577},{"x":205,"y":-1220,"length":1237.1034718244064},{"x":205,"y":-1130,"length":1148.444600318187},{"x":205,"y":-1040,"length":1060.0117923872356},{"x":205,"y":-955,"length":976.7548310604867},{"x":205,"y":-865,"length":888.9600665946699},{"x":205,"y":-775,"length":801.6545390628061},{"x":205,"y":-690,"length":719.8090024443984},{"x":205,"y":-605,"length":638.7879147260066},{"x":205,"y":-545,"length":582.2800013739095},{"x":205,"y":-470,"length":512.7621280866987},{"x":205,"y":-360,"length":414.2764777295472},{"x":205,"y":-290,"length":355.1408171415953},{"x":205,"y":-210,"length":293.47061181658376},{"x":205,"y":-130,"length":242.7447218787671},{"x":205,"y":-50,"length":211.00947846009194},{"x":205,"y":40,"length":208.86598574205422},{"x":180,"y":70,"length":193.13207915827965},{"x":100,"y":70,"length":122.06555615733703},{"x":30,"y":70,"length":76.15773105863909},{"x":5,"y":45,"length":45.27692569068709},{"x":5,"y":-15,"length":15.811388300841896},{"x":5,"y":-85,"length":85.14693182963201},{"x":5,"y":-165,"length":165.07574019219177},{"x":5,"y":-225,"length":225.055548698538},{"x":5,"y":-280,"length":280.04463929880893},{"x":5,"y":-345,"length":345.03622998172233},{"x":-30,"y":-345,"length":346.30189141845585},{"x":-30,"y":-400,"length":401.1234224026316},{"x":-30,"y":-445,"length":446.0100895719737},{"x":-30,"y":-495,"length":495.9082576444962},{"x":0,"y":-525,"length":525},{"x":0,"y":-580,"length":580},{"x":0,"y":-625,"length":625},{"x":0,"y":-675,"length":675},{"x":-35,"y":-705,"length":705.868259663232},{"x":-80,"y":-705,"length":709.5244886541972},{"x":-125,"y":-705,"length":715.9958100436063},{"x":-195,"y":-705,"length":731.4711204141965},{"x":-265,"y":-705,"length":753.1600095597216},{"x":-320,"y":-705,"length":774.2254193708703},{"x":-375,"y":-705,"length":798.5298992523699},{"x":-435,"y":-705,"length":828.4020762890445},{"x":-435,"y":-800,"length":910.6179220726989},{"x":-435,"y":-880,"length":981.6440291673963},{"x":-435,"y":-940,"length":1035.7726584535817},{"x":-435,"y":-1000,"length":1090.5159329418345},{"x":-435,"y":-1070,"length":1155.043289232053},{"x":-435,"y":-1145,"length":1224.846929211973},{"x":-435,"y":-1205,"length":1281.1127975318957},{"x":-435,"y":-1280,"length":1351.896815589119},{"x":-435,"y":-1340,"length":1408.8381738155736}],"rotation":0,"width":653},"className":"frg.game.editor.objects::BonesPather"},{"params":{"wireframe":false,"type":5,"straightSides":true,"snapToGrid":true,"vertices":[{"x":0,"y":0,"length":0},{"x":0,"y":400,"length":400}],"originOffsetRatio":0,"density":"1","action":0,"physic":true,"shapeH":64,"rotation":0,"stretchTexture":false,"height":413,"x":3813,"isStatic":true,"repeatTexture":true,"id":-1,"width":64,"textureOffset":0,"safeId":-1,"graphic":true,"smoothing":true,"y":-294,"textureMode":true},"className":"frg.game.editor.objects::DynamicPather"},{"params":{"wireframe":false,"type":5,"straightSides":true,"snapToGrid":true,"vertices":[{"x":0,"y":0,"length":0},{"x":0,"y":-390,"length":390}],"originOffsetRatio":0,"density":"1","action":0,"physic":true,"shapeH":64,"rotation":0,"stretchTexture":false,"height":403,"x":3988,"isStatic":true,"repeatTexture":true,"id":-1,"width":64,"textureOffset":0,"safeId":-1,"graphic":true,"smoothing":true,"y":96,"textureMode":true},"className":"frg.game.editor.objects::DynamicPather"},{"params":{"height":138,"x":3110,"directed":false,"isPillar":false,"y":-380,"thick":1,"direction":90,"snapToGrid":true,"vertices":[{"x":0,"y":0,"length":0},{"x":0,"y":60,"length":60},{"x":0,"y":125,"length":125}],"rotation":0,"width":13},"className":"frg.game.editor.objects::BonesPather"},{"params":{"height":138,"x":3200,"directed":false,"isPillar":false,"y":-380,"thick":1,"direction":90,"snapToGrid":true,"vertices":[{"x":0,"y":0,"length":0},{"x":0,"y":60,"length":60},{"x":0,"y":125,"length":125}],"rotation":0,"width":13},"className":"frg.game.editor.objects::BonesPather"},{"params":{"height":138,"x":3260,"directed":false,"isPillar":false,"y":-380,"thick":1,"direction":90,"snapToGrid":true,"vertices":[{"x":0,"y":0,"length":0},{"x":0,"y":60,"length":60},{"x":0,"y":125,"length":125}],"rotation":0,"width":13},"className":"frg.game.editor.objects::BonesPather"},{"params":{"height":13,"x":3256,"directed":true,"isPillar":false,"y":-380,"thick":128,"direction":90,"snapToGrid":true,"vertices":[{"x":5,"y":0,"length":5},{"x":45,"y":0,"length":45},{"x":80,"y":0,"length":80}],"rotation":0,"width":88},"className":"frg.game.editor.objects::BonesPather"},{"params":{"height":138,"x":3340,"directed":false,"isPillar":false,"y":-380,"thick":1,"direction":90,"snapToGrid":true,"vertices":[{"x":0,"y":0,"length":0},{"x":0,"y":60,"length":60},{"x":0,"y":125,"length":125}],"rotation":0,"width":13},"className":"frg.game.editor.objects::BonesPather"},{"params":{"height":138,"x":3400,"directed":false,"isPillar":false,"y":-380,"thick":1,"direction":90,"snapToGrid":true,"vertices":[{"x":0,"y":0,"length":0},{"x":0,"y":60,"length":60},{"x":0,"y":125,"length":125},{"x":75,"y":125,"length":145.7737973711325}],"rotation":0,"width":88},"className":"frg.game.editor.objects::BonesPather"},{"params":{"height":13,"x":3107,"directed":true,"isPillar":false,"y":-318,"thick":128,"direction":90,"snapToGrid":true,"vertices":[{"x":0,"y":0,"length":0},{"x":45,"y":0,"length":45},{"x":90,"y":0,"length":90}],"rotation":0,"width":103},"className":"frg.game.editor.objects::BonesPather"},{"params":{"height":13,"x":3256,"directed":true,"isPillar":false,"y":-258,"thick":128,"direction":90,"snapToGrid":true,"vertices":[{"x":5,"y":0,"length":5},{"x":45,"y":0,"length":45},{"x":80,"y":0,"length":80}],"rotation":0,"width":88},"className":"frg.game.editor.objects::BonesPather"},{"params":{"height":138,"x":3510,"directed":false,"isPillar":false,"y":-380,"thick":1,"direction":90,"snapToGrid":true,"vertices":[{"x":0,"y":60,"length":60},{"x":0,"y":125,"length":125},{"x":60,"y":125,"length":138.6542462386205},{"x":85,"y":105,"length":135.09256086106296},{"x":85,"y":20,"length":87.32124598286491},{"x":60,"y":0,"length":60},{"x":0,"y":0,"length":0},{"x":0,"y":55,"length":55}],"rotation":0,"width":98},"className":"frg.game.editor.objects::BonesPather"},{"params":{"height":73,"x":3110,"directed":false,"isPillar":false,"y":-190,"thick":1,"direction":90,"snapToGrid":true,"vertices":[{"x":0,"y":60,"length":60},{"x":0,"y":120,"length":120},{"x":50,"y":120,"length":130},{"x":65,"y":105,"length":123.4908903522847},{"x":65,"y":70,"length":95.524865872714},{"x":50,"y":60,"length":78.10249675906654}],"rotation":0,"width":78},"className":"frg.game.editor.objects::BonesPather"},{"params":{"height":73,"x":3110,"directed":false,"isPillar":false,"y":-250,"thick":1,"direction":90,"snapToGrid":true,"vertices":[{"x":50,"y":120,"length":130},{"x":65,"y":105,"length":123.4908903522847},{"x":65,"y":70,"length":95.524865872714},{"x":52,"y":60,"length":79.39773296511683},{"x":0,"y":60,"length":60},{"x":0,"y":120,"length":120}],"rotation":0,"width":78},"className":"frg.game.editor.objects::BonesPather"},{"params":{"height":14,"x":3069,"directed":true,"isPillar":false,"y":-133,"thick":128,"direction":90,"snapToGrid":true,"vertices":[{"x":35,"y":0,"length":35},{"x":56,"y":-1,"length":56.00892785976178},{"x":90,"y":0,"length":90}],"rotation":0,"width":68},"className":"frg.game.editor.objects::BonesPather"},{"params":{"height":143,"x":3230,"directed":false,"isPillar":false,"y":-250,"thick":1,"direction":90,"snapToGrid":true,"vertices":[{"x":50,"y":120,"length":130},{"x":65,"y":105,"length":123.4908903522847},{"x":65,"y":70,"length":95.524865872714},{"x":52,"y":60,"length":79.39773296511683},{"x":0,"y":60,"length":60},{"x":0,"y":115,"length":115},{"x":0,"y":190,"length":190}],"rotation":0,"width":78},"className":"frg.game.editor.objects::BonesPather"},{"params":{"height":0,"x":3220,"directed":false,"isPillar":false,"y":-190,"thick":1,"direction":90,"snapToGrid":true,"vertices":[],"rotation":0,"width":0},"className":"frg.game.editor.objects::BonesPather"},{"params":{"height":78,"x":3189,"directed":true,"isPillar":false,"y":-133,"thick":128,"direction":90,"snapToGrid":true,"vertices":[{"x":35,"y":0,"length":35},{"x":60,"y":0,"length":60},{"x":85,"y":0,"length":85},{"x":115,"y":65,"length":132.09844813622905}],"rotation":0,"width":93},"className":"frg.game.editor.objects::BonesPather"},{"params":{"height":138,"x":3430,"directed":false,"isPillar":false,"y":-190,"thick":1,"direction":90,"snapToGrid":true,"vertices":[{"x":-20,"y":0,"length":20},{"x":0,"y":60,"length":60},{"x":0,"y":125,"length":125}],"rotation":0,"width":33},"className":"frg.game.editor.objects::BonesPather"},{"params":{"height":138,"x":3340,"directed":false,"isPillar":false,"y":-190,"thick":1,"direction":90,"snapToGrid":true,"vertices":[{"x":70,"y":0,"length":70},{"x":25,"y":0,"length":25},{"x":0,"y":60,"length":60},{"x":0,"y":125,"length":125}],"rotation":0,"width":83},"className":"frg.game.editor.objects::BonesPather"},{"params":{"height":13,"x":3337,"directed":true,"isPillar":false,"y":-128,"thick":128,"direction":90,"snapToGrid":true,"vertices":[{"x":0,"y":0,"length":0},{"x":45,"y":0,"length":45},{"x":90,"y":0,"length":90}],"rotation":0,"width":103},"className":"frg.game.editor.objects::BonesPather"},{"params":{"height":148,"x":3460,"directed":false,"isPillar":false,"y":-190,"thick":1,"direction":90,"snapToGrid":true,"vertices":[{"x":0,"y":-10,"length":10},{"x":0,"y":60,"length":60},{"x":0,"y":125,"length":125}],"rotation":0,"width":13},"className":"frg.game.editor.objects::BonesPather"},{"params":{"height":148,"x":3530,"directed":false,"isPillar":false,"y":-190,"thick":1,"direction":90,"snapToGrid":true,"vertices":[{"x":0,"y":-10,"length":10},{"x":-35,"y":25,"length":43.01162633521314},{"x":-65,"y":60,"length":88.45903006477066},{"x":-30,"y":60,"length":67.08203932499369},{"x":0,"y":125,"length":125}],"rotation":0,"width":78},"className":"frg.game.editor.objects::BonesPather"},{"params":{"height":138,"x":3560,"directed":false,"isPillar":false,"y":-190,"thick":1,"direction":90,"snapToGrid":true,"vertices":[{"x":0,"y":0,"length":0},{"x":0,"y":60,"length":60},{"x":0,"y":125,"length":125}],"rotation":0,"width":13},"className":"frg.game.editor.objects::BonesPather"},{"params":{"layer":3,"vertices":[{"x":5,"y":0,"length":5},{"x":21,"y":-20,"length":29},{"x":41,"y":-33,"length":52.630789467763066},{"x":68,"y":-40,"length":78.89233169326408},{"x":93,"y":-41,"length":101.6366075781753},{"x":119,"y":-33,"length":123.4908903522847},{"x":140,"y":-19,"length":141.2834031300209},{"x":156,"y":1,"length":156.00320509528},{"x":166,"y":22,"length":167.45148551147582},{"x":170,"y":48,"length":176.64653973401235},{"x":167,"y":72,"length":181.8598361376145},{"x":159,"y":96,"length":185.73368030596927},{"x":140,"y":116,"length":181.8130908378162},{"x":121,"y":132,"length":179.06702655709677},{"x":96,"y":142,"length":171.40595088852663},{"x":69,"y":142,"length":157.87653403846943},{"x":42,"y":133,"length":139.47401191619892},{"x":20,"y":119,"length":120.66896867049125},{"x":0,"y":100,"length":100},{"x":-8,"y":74,"length":74.43117626371358},{"x":-11,"y":48,"length":49.24428900898052},{"x":-7,"y":21,"length":22.135943621178654}],"density":1,"safeId":2,"physic":true,"rem":true,"rotation":0,"plr":false,"line":true,"x":4780,"isStatic":false,"id":-1,"isWheel":false,"ignore":false,"graphic":true,"y":431},"className":"frg.game.editor.objects::LandscapeShaper"},{"params":{"height":13,"x":3557,"directed":true,"isPillar":false,"y":-128,"thick":128,"direction":90,"snapToGrid":true,"vertices":[{"x":0,"y":0,"length":0},{"x":45,"y":0,"length":45}],"rotation":0,"width":58},"className":"frg.game.editor.objects::BonesPather"},{"params":{"height":13,"x":3553,"directed":true,"isPillar":false,"y":-193,"thick":128,"direction":90,"snapToGrid":true,"vertices":[{"x":0,"y":0,"length":0},{"x":45,"y":0,"length":45},{"x":80,"y":0,"length":80}],"rotation":0,"width":93},"className":"frg.game.editor.objects::BonesPather"},{"params":{"height":13,"x":3554,"directed":true,"isPillar":false,"y":-69,"thick":128,"direction":90,"snapToGrid":true,"vertices":[{"x":0,"y":0,"length":0},{"x":45,"y":0,"length":45},{"x":75,"y":0,"length":75}],"rotation":0,"width":88},"className":"frg.game.editor.objects::BonesPather"},{"params":{"layer":3,"vertices":[{"x":0,"y":0,"length":0},{"x":15,"y":-11,"length":18.601075237738275},{"x":35,"y":-18,"length":39.35733730830886},{"x":58,"y":-20,"length":61.35144660071187},{"x":81,"y":-14,"length":82.20097323024831},{"x":100,"y":0,"length":100},{"x":110,"y":13,"length":110.76551810017412},{"x":119,"y":33,"length":123.4908903522847},{"x":122,"y":55,"length":133.82451195502264},{"x":116,"y":78,"length":139.7855500400524},{"x":100,"y":100,"length":141.4213562373095},{"x":84,"y":112,"length":140},{"x":63,"y":121,"length":136.41847382227965},{"x":36,"y":120,"length":125.2836781069266},{"x":16,"y":114,"length":115.11733144926528},{"x":0,"y":100,"length":100},{"x":-12,"y":86,"length":86.83317338436964},{"x":-19,"y":66,"length":68.6804193347711},{"x":-21,"y":42,"length":46.95742752749558},{"x":-15,"y":18,"length":23.430749027719962}],"density":1,"safeId":2,"physic":true,"rem":true,"rotation":0,"plr":false,"line":true,"x":4807,"isStatic":false,"id":-1,"isWheel":false,"ignore":false,"graphic":true,"y":260},"className":"frg.game.editor.objects::LandscapeShaper"},{"params":{"height":385,"x":4910,"directed":false,"isPillar":false,"y":440,"thick":9,"direction":90,"snapToGrid":false,"vertices":[{"x":474,"y":-372,"length":602.5446041580657},{"x":423,"y":-372,"length":563.3054233717264},{"x":376,"y":-372,"length":528.9234349128426},{"x":326,"y":-368,"length":491.62994213127416},{"x":276,"y":-358,"length":452.0398212547209},{"x":231,"y":-337,"length":408.57067931999234},{"x":194,"y":-310,"length":365.6993300513415},{"x":164,"y":-282,"length":326.2207841324645},{"x":131,"y":-242,"length":275.1817581163403},{"x":108,"y":-198,"length":225.53935355055003},{"x":93,"y":-153,"length":179.0474797365213},{"x":87,"y":-100,"length":132.5481044753187},{"x":90,"y":-50,"length":102.95630140987001},{"x":100,"y":0,"length":100}],"rotation":0,"width":400},"className":"frg.game.editor.objects::BonesPather"},{"params":{"wireframe":false,"vertices":[{"x":-525,"y":0,"length":525},{"x":1490,"y":0,"length":1490},{"x":2655,"y":-435,"length":2690.399598572673},{"x":3274,"y":-260,"length":3284.307537366134},{"x":3842,"y":252,"length":3850.25557593259},{"x":3984,"y":275,"length":3993.479810891749},{"x":5704,"y":240,"length":5709.046855649373},{"x":5761,"y":222,"length":5765.275795658002},{"x":5810,"y":194,"length":5813.237996160144},{"x":5844,"y":167,"length":5846.38563558717},{"x":5890,"y":164,"length":5892.282749495309},{"x":6202,"y":279,"length":6208.272303950593},{"x":8625,"y":379,"length":8633.322998706813}],"lineId":0,"physic":false,"directed":false,"width":9163,"shape":false,"height":879.6,"isRoad":false,"rotation":0,"textureMode":true,"straightSides":true,"originOffsetRatio":0,"cameraOffsetY":80,"stretchTexture":false,"thick":128,"repeatTexture":true,"line":false,"x":100,"smoothing":true,"y":390,"direction":90,"textureOffset":0,"camera":true,"snapToGrid":false},"className":"frg.game.editor.objects::GroundPather"},{"params":{"type":2,"straightSides":true,"vertices":[{"x":0,"y":0,"length":0},{"x":0,"y":155,"length":155}],"originOffsetRatio":0,"textureMode":true,"stretchTexture":false,"repeatTexture":true,"textureOffset":0,"x":4795,"smoothing":true,"y":320,"width":13,"height":168,"wireframe":false,"snapToGrid":true,"rotation":0},"className":"frg.game.editor.objects::PillarPather"},{"params":{"type":2,"straightSides":true,"vertices":[{"x":0,"y":0,"length":0},{"x":0,"y":155,"length":155}],"originOffsetRatio":0,"textureMode":true,"stretchTexture":false,"repeatTexture":true,"textureOffset":0,"x":4915,"smoothing":true,"y":310,"width":13,"height":168,"wireframe":false,"snapToGrid":true,"rotation":0},"className":"frg.game.editor.objects::PillarPather"},{"params":{"height":1503,"x":5310,"directed":false,"isPillar":false,"y":306,"thick":16,"direction":90,"snapToGrid":false,"vertices":[{"x":0,"y":0,"length":0},{"x":70,"y":0,"length":70},{"x":145,"y":0,"length":145},{"x":225,"y":0,"length":225},{"x":310,"y":0,"length":310},{"x":390,"y":0,"length":390},{"x":445,"y":-10,"length":445.1123453691214},{"x":493,"y":-25,"length":493.63346726088173},{"x":538,"y":-50,"length":540.3184246349554},{"x":584,"y":-84,"length":590.0101694038841},{"x":618,"y":-123,"length":630.1214168713836},{"x":644,"y":-166,"length":665.0503740319225},{"x":669,"y":-224,"length":705.5047838250283},{"x":680,"y":-275,"length":733.501874571565},{"x":680,"y":-335,"length":758.0402363990977},{"x":680,"y":-400,"length":788.9233169326408},{"x":680,"y":-455,"length":818.1839646436491},{"x":680,"y":-520,"length":856.0373823613079},{"x":680,"y":-590,"length":900.2777349240622},{"x":680,"y":-655,"length":944.1530596253978},{"x":680,"y":-720,"length":990.3534722511957},{"x":680,"y":-780,"length":1034.7946656221222},{"x":680,"y":-850,"length":1088.5311203635843},{"x":680,"y":-910,"length":1136.001760562016},{"x":680,"y":-975,"length":1188.7072810410475},{"x":680,"y":-1040,"length":1242.5779653607253},{"x":680,"y":-1105,"length":1297.4686894102686},{"x":680,"y":-1175,"length":1357.5805685114972},{"x":680,"y":-1230,"length":1405.4536634126364},{"x":680,"y":-1285,"length":1453.83114562868},{"x":680,"y":-1325,"length":1489.3035284991438},{"x":674,"y":-1356,"length":1514.2694608292145},{"x":663,"y":-1383,"length":1533.707273243496},{"x":651,"y":-1407,"length":1550.306421324507},{"x":632,"y":-1430,"length":1563.4334012039017},{"x":609,"y":-1451,"length":1573.6206658531146},{"x":585,"y":-1468,"length":1580.2686480469072},{"x":555,"y":-1480,"length":1580.6406928837432},{"x":510,"y":-1490,"length":1574.8650735856706},{"x":435,"y":-1490,"length":1552.2000515397492},{"x":360,"y":-1490,"length":1532.8731193415847},{"x":280,"y":-1490,"length":1516.0804727981954},{"x":190,"y":-1490,"length":1502.0652449211386},{"x":105,"y":-1490,"length":1493.6950826724978},{"x":25,"y":-1490,"length":1490.2097167848558},{"x":-55,"y":-1490,"length":1491.0147551248444},{"x":-170,"y":-1490,"length":1499.6666296213969},{"x":-295,"y":-1490,"length":1518.9223153275482},{"x":-410,"y":-1490,"length":1545.3802121160993},{"x":-525,"y":-1490,"length":1579.7863779638055},{"x":-630,"y":-1490,"length":1617.7144370994529},{"x":-735,"y":-1490,"length":1661.422583209943},{"x":-840,"y":-1490,"length":1710.4677722775136},{"x":-930,"y":-1490,"length":1756.4168070250296},{"x":-1010,"y":-1490,"length":1800.0555546982432},{"x":-1103,"y":-1489,"length":1853.032649469512}],"rotation":0,"width":1796},"className":"frg.game.editor.objects::BonesPather"},{"params":{"height":178,"x":5380,"directed":false,"isPillar":false,"y":68,"thick":16,"direction":90,"snapToGrid":false,"vertices":[{"x":-1,"y":-3,"length":3.1622776601683795},{"x":47,"y":-2,"length":47.042533945356304},{"x":105,"y":-1,"length":105.00476179678711},{"x":165,"y":0,"length":165},{"x":195,"y":-5,"length":195.0640920313116},{"x":228,"y":-17,"length":228.63289352147035},{"x":255,"y":-34,"length":257.25668115716644},{"x":277,"y":-53,"length":282.0248216026384},{"x":297,"y":-78,"length":307.0716528760022},{"x":313,"y":-104,"length":329.82571155081285},{"x":324,"y":-133,"length":350.2356349659469},{"x":330,"y":-165,"length":368.9512162874653}],"rotation":0,"width":344},"className":"frg.game.editor.objects::BonesPather"},{"params":{"height":139,"x":4705,"directed":false,"isPillar":true,"y":440,"thick":128,"direction":90,"snapToGrid":false,"vertices":[{"x":-3,"y":1,"length":3.1622776601683795},{"x":3,"y":-24,"length":24.186773244895647},{"x":12,"y":-44,"length":45.60701700396552},{"x":26,"y":-65,"length":70.00714249274856},{"x":41,"y":-81,"length":90.78546139112804},{"x":59,"y":-98,"length":114.38968484964018},{"x":82,"y":-111,"length":138.00362314084367},{"x":107,"y":-120,"length":160.77624202599088},{"x":132,"y":-125,"length":181.79383927955314},{"x":165,"y":-125,"length":207.0024154448445},{"x":194,"y":-119,"length":227.58954281776656},{"x":219,"y":-110,"length":245.073458375239},{"x":248,"y":-92,"length":264.51464987784703},{"x":272,"y":-68,"length":280.3711825420009},{"x":289,"y":-43,"length":292.18145047213386},{"x":296,"y":-22,"length":296.8164415931166},{"x":302,"y":-2,"length":302.00662244394573}],"rotation":0,"width":318},"className":"frg.game.editor.objects::BonesPather"},{"params":{"type":2,"straightSides":true,"vertices":[{"x":3,"y":-3,"length":4.242640687119285},{"x":4,"y":-19,"length":19.4164878389476},{"x":8,"y":-33,"length":33.95585369269929},{"x":16,"y":-47,"length":49.64876634922564},{"x":27,"y":-58,"length":63.97655820689325},{"x":40,"y":-66,"length":77.17512552629896},{"x":55,"y":-69,"length":88.23831367382311},{"x":71,"y":-70,"length":99.70456358662827},{"x":87,"y":-66,"length":109.20164833920778},{"x":101,"y":-58,"length":116.46887996370532},{"x":112,"y":-47,"length":121.46192819151193},{"x":120,"y":-33,"length":124.45481107614924},{"x":124,"y":-20,"length":125.60254774486066},{"x":124,"y":-5,"length":124.10076550932311},{"x":122,"y":10,"length":122.40914998479485},{"x":115,"y":24,"length":117.47765745025733},{"x":103,"y":37,"length":109.4440496326776},{"x":93,"y":44,"length":102.88342918079665},{"x":82,"y":49,"length":95.524865872714},{"x":67,"y":52,"length":84.81155581640984},{"x":52,"y":51,"length":72.83543093852057},{"x":40,"y":47,"length":61.71709649683789},{"x":26,"y":39,"length":46.87216658103186},{"x":14,"y":28,"length":31.304951684997057},{"x":6,"y":13,"length":14.317821063276353},{"x":3,"y":-8,"length":8.54400374531753}],"originOffsetRatio":0,"textureMode":true,"stretchTexture":false,"repeatTexture":true,"textureOffset":0,"x":4792,"smoothing":true,"y":321,"width":134,"height":135,"wireframe":false,"snapToGrid":false,"rotation":0},"className":"frg.game.editor.objects::PillarPather"},{"params":{"type":2,"straightSides":true,"vertices":[{"x":3,"y":-3,"length":4.242640687119285},{"x":4,"y":-19,"length":19.4164878389476},{"x":8,"y":-33,"length":33.95585369269929},{"x":16,"y":-47,"length":49.64876634922564},{"x":27,"y":-58,"length":63.97655820689325},{"x":40,"y":-66,"length":77.17512552629896},{"x":55,"y":-69,"length":88.23831367382311},{"x":71,"y":-70,"length":99.70456358662827},{"x":87,"y":-66,"length":109.20164833920778},{"x":101,"y":-58,"length":116.46887996370532},{"x":112,"y":-47,"length":121.46192819151193},{"x":120,"y":-33,"length":124.45481107614924},{"x":124,"y":-20,"length":125.60254774486066},{"x":124,"y":-5,"length":124.10076550932311},{"x":122,"y":10,"length":122.40914998479485},{"x":115,"y":24,"length":117.47765745025733},{"x":103,"y":37,"length":109.4440496326776},{"x":93,"y":44,"length":102.88342918079665},{"x":82,"y":49,"length":95.524865872714},{"x":67,"y":52,"length":84.81155581640984},{"x":52,"y":51,"length":72.83543093852057},{"x":40,"y":47,"length":61.71709649683789},{"x":26,"y":39,"length":46.87216658103186},{"x":14,"y":28,"length":31.304951684997057},{"x":6,"y":13,"length":14.317821063276353},{"x":3,"y":-8,"length":8.54400374531753}],"originOffsetRatio":0,"textureMode":true,"stretchTexture":false,"repeatTexture":true,"textureOffset":0,"x":4791,"smoothing":true,"y":490,"width":134,"height":135,"wireframe":false,"snapToGrid":false,"rotation":0},"className":"frg.game.editor.objects::PillarPather"},{"params":{"height":1301,"x":6186,"y":-530,"rotation":0,"width":386},"className":"FinishZone"},{"params":{"height":13,"x":7650,"directed":false,"isPillar":false,"y":-1170,"thick":16,"direction":90,"snapToGrid":true,"vertices":[{"x":0,"y":-15,"length":15},{"x":-105,"y":-15,"length":106.06601717798213},{"x":-205,"y":-15,"length":205.54804791094466},{"x":-310,"y":-15,"length":310.3626910567699},{"x":-430,"y":-15,"length":430.2615483633182},{"x":-535,"y":-15,"length":535.2102390649865},{"x":-650,"y":-15,"length":650.1730538864249},{"x":-775,"y":-15,"length":775.1451476981586},{"x":-880,"y":-15,"length":880.1278316244749},{"x":-995,"y":-15,"length":995.1130589033589},{"x":-1100,"y":-15,"length":1100.1022679733007},{"x":-1205,"y":-15,"length":1205.0933573794189},{"x":-1315,"y":-15,"length":1315.0855485480783},{"x":-1420,"y":-15,"length":1420.0792231421458},{"x":-1500,"y":-15,"length":1500.0749981250938},{"x":-1575,"y":-15,"length":1575.0714269518064},{"x":-1660,"y":-15,"length":1660.0677697009842},{"x":-1735,"y":-15,"length":1735.064840286956},{"x":-1825,"y":-15,"length":1825.061642794566}],"rotation":0,"width":1838},"className":"frg.game.editor.objects::BonesPather"},{"params":{"layer":0,"vertices":[{"x":0,"y":-400,"length":400},{"x":100,"y":-400,"length":412.31056256176606},{"x":100,"y":100,"length":141.4213562373095},{"x":0,"y":100,"length":100}],"density":1,"safeId":-1,"physic":true,"rem":true,"rotation":0,"plr":false,"line":true,"x":-100,"isStatic":true,"id":-1,"isWheel":false,"ignore":false,"graphic":false,"y":290},"className":"frg.game.editor.objects::LandscapeShaper"}],[{"params":{"height":128.35,"x":3280,"y":-530,"rotation":0,"scaleX":1,"scaleY":1,"width":9.3},"className":"SignPillar"},{"params":{"height":128.35,"x":3990,"y":585,"rotation":0,"scaleX":1,"scaleY":1,"width":9.3},"className":"SignPillar"},{"params":{"height":128.35,"x":5302,"y":566,"rotation":0,"scaleX":1,"scaleY":1,"width":9.3},"className":"SignPillar"},{"params":{"height":95.5,"x":630,"y":342,"rotation":0,"scaleX":1,"scaleY":1,"width":80.2},"className":"Dec24"},{"params":{"height":128.35,"x":660,"y":331,"rotation":0,"scaleX":1,"scaleY":1,"width":9.3},"className":"SignPillar"},{"params":{"height":35.15,"x":663,"y":280,"rotation":0,"width":110.7},"className":"Sign15"},{"params":{"height":79.6,"x":4023,"y":615,"rotation":0,"scaleX":-1,"scaleY":1,"width":77.3},"className":"Dec23"},{"params":{"height":95.5,"x":5340,"y":584,"rotation":0,"scaleX":-1,"scaleY":1,"width":80.2},"className":"Dec24"}],[{"params":{"height":18,"x":3900,"y":-416,"rotation":0,"safeId":1,"ttl":1,"width":132},"className":"GlassCrashed0"},{"params":{"height":18,"x":3900,"y":-290,"rotation":0,"safeId":1,"ttl":1,"width":132},"className":"GlassCrashed0"},{"params":{"height":18,"x":3900,"y":-161,"rotation":0,"safeId":1,"ttl":1,"width":132},"className":"GlassCrashed0"},{"params":{"height":18,"x":3827,"y":-226,"rotation":90.00000000000006,"safeId":1,"ttl":1,"width":132},"className":"GlassCrashed0"},{"params":{"height":18,"x":3827,"y":-96,"rotation":90.00000000000006,"safeId":1,"ttl":1,"width":132},"className":"GlassCrashed0"},{"params":{"height":18,"x":3827,"y":34,"rotation":90.00000000000006,"safeId":1,"ttl":1,"width":132},"className":"GlassCrashed0"},{"params":{"height":18,"x":3900,"y":-31,"rotation":0,"safeId":1,"ttl":1,"width":132},"className":"GlassCrashed0"},{"params":{"height":18,"x":3900,"y":89,"rotation":0,"safeId":1,"ttl":1,"width":132},"className":"GlassCrashed0"},{"params":{"height":18,"x":3973,"y":-226,"rotation":90.00000000000006,"safeId":1,"ttl":1,"width":132},"className":"GlassCrashed0"},{"params":{"height":18,"x":3973,"y":-96,"rotation":90.00000000000006,"safeId":1,"ttl":1,"width":132},"className":"GlassCrashed0"},{"params":{"height":18,"x":3973,"y":34,"rotation":90.00000000000006,"safeId":1,"ttl":1,"width":132},"className":"GlassCrashed0"},{"params":{"height":99,"force":5000,"y":460,"rotation":0,"safeId":3,"x":7010,"time":6,"width":100},"className":"BoostE"}],null,[{"params":{"height":32,"x":370,"y":300,"rotation":0,"width":64},"className":"PlayerWP"},{"params":{"height":1454,"x":3280,"y":-600,"width":128,"id":1,"rotation":0},"className":"SafePointE"},{"params":{"height":843,"x":3990,"y":540,"width":128,"id":2,"rotation":0},"className":"SafePointE"},{"params":{"height":393,"x":5302,"y":500,"width":128,"id":3,"rotation":0},"className":"SafePointE"}],[{"params":{"safeId":2,"rotation":0,"rate":-50,"height":17,"x":4857,"id":5,"useWeld":false,"snd":false,"graphic":1,"time":0,"y":311,"width":17},"className":"MotorJointE"},{"params":{"safeId":1,"rotation":0,"rate":-150,"height":17,"x":1503,"id":1,"useWeld":false,"snd":false,"graphic":1,"time":0,"y":118,"width":17},"className":"MotorJointE"},{"params":{"height":636,"hint":-1,"id":1,"rotation":0,"safeId":-1,"x":750,"off":false,"id_off":-1,"y":170,"width":64,"sndId":-1},"className":"ToggleE"},{"params":{"safeId":1,"rotation":0,"rate":-150,"height":17,"x":2673,"id":1,"useWeld":false,"snd":false,"graphic":1,"time":0,"y":-312,"width":17},"className":"MotorJointE"},{"params":{"height":604,"hint":-1,"id":5,"rotation":0,"safeId":-1,"x":4110,"off":false,"id_off":-1,"y":410,"width":64,"sndId":-1},"className":"ToggleE"},{"params":{"safeId":2,"rotation":0,"rate":-50,"height":17,"x":4860,"id":5,"useWeld":false,"snd":false,"graphic":1,"time":0,"y":481,"width":17},"className":"MotorJointE"},{"params":{"height":17,"x":7530,"id":-1,"rotation":0,"safeId":3,"graphic":0,"y":540,"width":17},"className":"PivotJointE"},{"params":{"height":17,"x":6910,"id":-1,"rotation":0,"safeId":3,"graphic":0,"y":550,"width":17},"className":"PivotJointE"},{"params":{"height":604,"hint":-1,"id":5,"rotation":0,"safeId":-1,"x":3420,"off":false,"id_off":-1,"y":-580,"width":64,"sndId":-1},"className":"ToggleE"}]]}