{"imagePath":"menu_texture.png","name":"menu anim","SubTexture":[{"height":274,"name":"back-123123","x":0,"y":0,"width":666},{"height":289,"name":"ass","x":667,"y":0,"width":284},{"height":46,"name":"bike_body_01","x":0,"y":275,"width":86},{"height":28,"name":"body-01","x":997,"y":32,"width":18},{"height":11,"name":"leg_01","x":997,"y":70,"width":18},{"height":31,"name":"leg_02","x":997,"y":0,"width":16},{"height":14,"name":"hand_01","x":997,"y":82,"width":15},{"height":8,"name":"hand)92","x":997,"y":61,"width":21},{"height":29,"name":"head","x":953,"y":88,"width":34},{"height":43,"name":"moto_wheel_01","x":953,"y":44,"width":43},{"height":43,"name":"moto_wheel_01 copy","x":953,"y":0,"width":43}]}