{
    "name" : "Level 2",
    "time" : 15,
    "size" : {
        "width" : 20,
        "height" : 10
    },
    "map" : [[
        1,1,1,1,1,1,1,1,1,1,1,1,1,1,1,1,1,1,1,1,
        1,0,0,0,0,0,0,0,0,11,0,0,0,0,0,0,0,0,0,1,
        1,0,0,0,0,0,0,1,1,0,1,1,0,0,0,0,0,0,0,1,
        1,0,0,0,0,0,0,1,1,0,1,1,0,0,0,0,0,0,0,1,
        1,0,0,0,0,0,0,1,1,0,1,1,0,0,0,0,0,0,0,1,
        1,0,0,0,4,0,0,1,1,0,1,1,0,0,3,0,0,0,0,1,
        1,0,0,0,0,0,0,0,0,0,0,0,0,0,0,0,0,0,5,1,
        1,0,0,0,0,2,10,0,0,6,0,0,2,10,0,1,1,0,0,1,
        1,1,1,1,1,1,1,1,1,1,1,1,1,1,1,1,1,1,1,1,
        1,1,1,1,1,1,1,1,1,1,1,1,1,1,1,1,1,1,1,1
    ]]
}